family,algorithm_display,algorithm_superfamily,algorithm_category,evaluation_mode,dataset_count,mean_roc_auc,mean_f1,mean_evaluation_f1,mean_range_f1,mean_affiliation_precision,mean_affiliation_recall,mean_runtime_seconds
InternalBleeding,SAND | Init 3000,Distance-based,Clustering,range,28,0.9400480372217094,0.45418255140682195,0.47110249712351787,0.47110249712351787,0.8962587054986343,0.8747392521030604,18.80544941428317
InternalBleeding,SAND | Subseq x2,Distance-based,Clustering,range,28,0.9358775195943471,0.4533337974023626,0.45476596359744975,0.45476596359744975,0.9191329549563693,0.8775674060950979,2.9234213214326052
InternalBleeding,SAND | Baseline,Distance-based,Clustering,range,28,0.942233517743509,0.44934896236204447,0.4463387604953391,0.4463387604953391,0.8940386675794667,0.8571039261232277,14.203703049996486
InternalBleeding,SAND | k = 3,Distance-based,Clustering,range,28,0.9417241915996095,0.4470651353546525,0.44614667306868866,0.44614667306868866,0.9114199600664437,0.8729738694313955,7.813177967851516
InternalBleeding,SAND | Overlap 64,Distance-based,Clustering,range,28,0.9426170290370879,0.4442577904350724,0.44074340332432554,0.44074340332432554,0.9010173317148079,0.8850093395867743,37.49041482499576
InternalBleeding,SAND | Alpha 0.7,Distance-based,Clustering,range,28,0.943687543186205,0.43735168967330557,0.4376600956199561,0.4376600956199561,0.898173313371484,0.8447577832179549,14.47576520000335
InternalBleeding,Matrix Profile | Subseq x1,Distance-based,Discord,range,28,0.9505628112223944,0.45077258608258813,0.4050868424829796,0.4050868424829796,0.8824092897286275,0.9824811763709134,0.12248252857118912
InternalBleeding,SAND | Batch 1000,Distance-based,Clustering,range,28,0.9279305551886919,0.362749825095207,0.3708066559149028,0.3708066559149028,0.844864678793635,0.7960092953589133,16.3741886750005
InternalBleeding,Matrix Profile | Baseline,Distance-based,Discord,range,28,0.9178928236975121,0.3502630562309258,0.35988778139737193,0.35988778139737193,0.8916674002799504,0.8627731869278649,0.1199478821404877
InternalBleeding,OCSVM | Gamma 0.1,Density-based,Distribution,range,28,0.8398670950432653,0.30697974674588485,0.2735957950057089,0.2735957950057089,0.7771701303786746,0.880364467522076,0.1599446571407108
InternalBleeding,DAMP | x_lag x8,Distance-based,Discord,range,28,0.8469143543969077,0.3147011824282533,0.2707971825760848,0.2707971825760848,0.9237732546670743,0.5832286362842675,29.115364614285813
InternalBleeding,DAMP | Baseline,Distance-based,Discord,range,28,0.8500449681995964,0.30700226814717413,0.26862478742298995,0.26862478742298995,0.9240666221477317,0.5832176267314474,23.256971492854063
InternalBleeding,Isolation Forest | Max feat 0.6,Density-based,Tree,range,28,0.7596582718976812,0.2882039086662925,0.26857288665890294,0.26857288665890294,0.7625060416629846,0.7003945882796325,2.0271197214273604
InternalBleeding,Isolation Forest | Seed 7,Density-based,Tree,range,28,0.7839626755411829,0.2842740562889998,0.2674685750661971,0.2674685750661971,0.7559381181117828,0.7784587041263415,0.5940634250042162
InternalBleeding,Isolation Forest | Trees 400,Density-based,Tree,range,28,0.7689905278689534,0.28928120044063066,0.26657332245419757,0.26657332245419757,0.8408301654821977,0.664234817010765,1.150069885720898
InternalBleeding,DAMP | Start x2,Distance-based,Discord,range,28,0.8927115013229956,0.29935768663807033,0.26128323201242587,0.26128323201242587,0.9721334530842491,0.5706527965003854,29.82569824285955
InternalBleeding,OCSVM | Train frac 0.20,Density-based,Distribution,range,28,0.723813190414473,0.2789318638702313,0.2590964457864948,0.2590964457864948,0.8321506844598384,0.7179328381281868,0.16993064285114606
InternalBleeding,Local Outlier Factor | Baseline,Distance-based,Proximity,range,28,0.7977254171008311,0.26930057364038457,0.2538484412766493,0.2538484412766493,0.8002988413998144,0.9849629841385277,0.24610552142881456
InternalBleeding,Local Outlier Factor | Leaf size 60,Distance-based,Proximity,range,28,0.7977254171008311,0.26930057364038457,0.2538484412766493,0.2538484412766493,0.8002988413998144,0.9849629841385277,0.19311502857349946
InternalBleeding,Local Outlier Factor | Search brute,Distance-based,Proximity,range,28,0.7977254171008311,0.26930057364038457,0.2538484412766493,0.2538484412766493,0.8002988413998144,0.9849629841385277,0.20015032499421587
InternalBleeding,Isolation Forest | Baseline,Density-based,Tree,range,28,0.7636254038091747,0.2872620850846506,0.25292246992780215,0.25292246992780215,0.7943143850080686,0.74067444913429,0.5849488249971598
InternalBleeding,Isolation Forest | Max samples auto,Density-based,Tree,range,28,0.7636254038091747,0.2872620850846506,0.25292246992780215,0.25292246992780215,0.7943143850080686,0.74067444913429,0.5856130035722994
InternalBleeding,OCSVM | Baseline,Density-based,Distribution,range,28,0.7484726699568505,0.25857243377953304,0.24433751684903585,0.24433751684903585,0.7752749824331607,0.6935012021164118,0.11541213571867306
InternalBleeding,OCSVM | Nu 0.10,Density-based,Distribution,range,28,0.748011614675315,0.2585365009532942,0.24418337779975288,0.24418337779975288,0.7616900692417009,0.7145622887058146,0.14676901786047633
InternalBleeding,Isolation Forest | Bootstrap on,Density-based,Tree,range,28,0.765407444208049,0.2888019810666163,0.24306509926754044,0.24306509926754044,0.796823473977651,0.71411291903241,0.558620496430584
InternalBleeding,Matrix Profile | Subseq x4,Distance-based,Discord,range,28,0.8797100171052473,0.25911757391943424,0.23482960153055424,0.23482960153055424,0.8494347240124458,0.6259611305158277,0.14120177499509218
InternalBleeding,Local Outlier Factor | Metric manhattan,Distance-based,Proximity,range,28,0.8043129653994727,0.24555497774012908,0.22106861280378773,0.22106861280378773,0.7411291581512401,0.9615668097339063,2.293491310710254
InternalBleeding,Local Outlier Factor | p = 1,Distance-based,Proximity,range,28,0.8043129653994727,0.24555497774012908,0.22106861280378773,0.22106861280378773,0.7411291581512401,0.9615668097339063,2.30649277500301
InternalBleeding,Local Outlier Factor | Neighbors 10,Distance-based,Proximity,range,28,0.687041357827967,0.18574397078389723,0.17000970299448517,0.17000970299448517,0.7027419399363455,0.9834407634137943,0.212662746431306
InternalBleeding,HBOS | Bins 20,Density-based,Distribution,range,28,0.6348199359567145,0.10715656106496498,0.14278966122202047,0.14278966122202047,0.8177359015289422,0.3410163096016,0.5300026285674123
InternalBleeding,HBOS | Baseline,Density-based,Distribution,range,28,0.6308084211514097,0.09890777707131036,0.13049201379242872,0.13049201379242872,0.7677008896946292,0.27293560659629007,0.5341433928614217
InternalBleeding,HBOS | Tol 0.2,Density-based,Distribution,range,28,0.6308084211514097,0.09890777707131036,0.13049201379242872,0.13049201379242872,0.7677008896946292,0.27293560659629007,0.5254805071391664
InternalBleeding,HBOS | Alpha 0.05,Density-based,Distribution,range,28,0.6273120160628177,0.09805072092691144,0.12753684890724046,0.12753684890724046,0.7645748778865359,0.27288002863065086,0.5290329357230803
InternalBleeding,PCA | Baseline,Density-based,Encoding,range,28,0.5848421438253153,0.09171203221898962,0.11700986583660088,0.11700986583660088,0.9841735387662597,0.24445375771005054,0.20263721785990388
InternalBleeding,PCA | Score comps 2,Density-based,Encoding,range,28,0.5848390908894776,0.09171203221898962,0.11700986583660088,0.11700986583660088,0.984154493686556,0.24444423517019873,0.09829642856701477
InternalBleeding,PCA | Whiten on,Density-based,Encoding,range,28,0.5848421438253153,0.09171203221898962,0.11700986583660088,0.11700986583660088,0.9841735387662597,0.24445375771005054,0.2313651428641086
InternalBleeding,PCA | Standardize off,Density-based,Encoding,range,28,0.582172511687533,0.09154398020042633,0.11688612230933922,0.11688612230933922,0.9833736454187061,0.24447085858379905,0.24259414286020078
InternalBleeding,PCA | Weighted off,Density-based,Encoding,range,28,0.5842199135611672,0.09154398020042633,0.11688612230933922,0.11688612230933922,0.9840291971095583,0.2444613360439472,0.23723819642743496
InternalBleeding,PCA | Components 0.95,Density-based,Encoding,range,28,0.5702325027660134,0.08885029372463309,0.11511947818761525,0.11511947818761525,0.9837787862051294,0.2444925758638703,0.17196017500204366
InternalBleeding,OCSVM | Kernel linear,Density-based,Distribution,range,28,0.3400851895319566,0.025175223715765454,0.05714056440445075,0.05714056440445075,0.8167396822587304,0.5020802394276159,0.02938482500030659
CIMIS44AirTemperature,Matrix Profile | Subseq x4,Distance-based,Discord,range,13,0.9408647037730907,0.3348537556839083,0.19060490291596957,0.19060490291596957,0.766461528037695,0.9896765101258189,0.10527443076268984
CIMIS44AirTemperature,SAND | Overlap 64,Distance-based,Clustering,range,13,0.9704183625638402,0.19251267702112188,0.1690865959787423,0.1690865959787423,0.5941433423776596,0.9954157977199453,1.2823243923037528
CIMIS44AirTemperature,SAND | Baseline,Distance-based,Clustering,range,13,0.9701711051191508,0.18971813356326508,0.16726883780800986,0.16726883780800986,0.5907212965730274,0.9954709576138148,3.263779769230706
CIMIS44AirTemperature,SAND | Alpha 0.7,Distance-based,Clustering,range,13,0.9691641804222063,0.1830052318823411,0.16612651768410946,0.16612651768410946,0.5803494347424277,0.9953735703620497,2.9274609000019085
CIMIS44AirTemperature,SAND | Subseq x2,Distance-based,Clustering,range,13,0.9689659638523723,0.20085795595562936,0.16398563977842728,0.16398563977842728,0.5947067564686758,0.995410234926364,2.8283601769362576
CIMIS44AirTemperature,SAND | Init 3000,Distance-based,Clustering,range,13,0.9698330339947495,0.1711063920278787,0.1534657915753568,0.1534657915753568,0.5688679549715178,0.9952679616850124,3.033981653839314
CIMIS44AirTemperature,SAND | k = 3,Distance-based,Clustering,range,13,0.9692340847080221,0.17931168539869818,0.13891641288784842,0.13891641288784842,0.5892210375420037,0.9884094592043902,1.7723650384577923
CIMIS44AirTemperature,OCSVM | Gamma 0.1,Density-based,Distribution,range,13,0.4097749222943223,0.17461020452707665,0.13870477218163038,0.13870477218163038,0.6517738576766123,0.8089381394335311,0.035456599994526744
CIMIS44AirTemperature,SAND | Batch 1000,Distance-based,Clustering,range,13,0.965179295591954,0.1561086352597066,0.1382213613292833,0.1382213613292833,0.5700272596614414,0.9880967227856629,2.4008681846227353
CIMIS44AirTemperature,Matrix Profile | Baseline,Distance-based,Discord,range,13,0.9817566687458813,0.22652257692831043,0.11816823250034586,0.11816823250034586,0.6413918167221836,0.9957864178831921,0.10209780000150204
CIMIS44AirTemperature,Local Outlier Factor | Metric manhattan,Distance-based,Proximity,range,13,0.9608420781340197,0.18873526436437033,0.09319128765928841,0.09319128765928841,0.6265041499907619,0.9993923511204617,0.37912265383727994
CIMIS44AirTemperature,Local Outlier Factor | p = 1,Distance-based,Proximity,range,13,0.9608420781340197,0.18873526436437033,0.09319128765928841,0.09319128765928841,0.6265041499907619,0.9993923511204617,0.37006693077273667
CIMIS44AirTemperature,Matrix Profile | Subseq x1,Distance-based,Discord,range,13,0.9682935530300334,0.1718395200241674,0.0904625091036851,0.0904625091036851,0.6053554117960771,0.9995216841530206,0.12366740001240172
CIMIS44AirTemperature,Local Outlier Factor | Baseline,Distance-based,Proximity,range,13,0.968596550932451,0.18924667875905404,0.07482978969248885,0.07482978969248885,0.6384099368130293,0.9993618209747243,0.12438007691301979
CIMIS44AirTemperature,Local Outlier Factor | Leaf size 60,Distance-based,Proximity,range,13,0.968596550932451,0.18924667875905404,0.07482978969248885,0.07482978969248885,0.6384099368130293,0.9993618209747243,0.11980428461146612
CIMIS44AirTemperature,Local Outlier Factor | Search brute,Distance-based,Proximity,range,13,0.968596550932451,0.18924667875905404,0.07482978969248885,0.07482978969248885,0.6384099368130293,0.9993618209747243,0.12096673076918635
CIMIS44AirTemperature,DAMP | x_lag x8,Distance-based,Discord,range,13,0.8935848094403874,0.10331702042195023,0.07323339620007732,0.07323339620007732,0.5429856103918923,0.9915607779317457,5.589603900004966
CIMIS44AirTemperature,OCSVM | Baseline,Density-based,Distribution,range,13,0.7112099858962571,0.15242559456372037,0.06958990362233712,0.06958990362233712,0.6195360042192003,0.9925255389771519,0.04292229999555275
CIMIS44AirTemperature,DAMP | Baseline,Distance-based,Discord,range,13,0.8993003510214543,0.0988615145266983,0.06915054638283644,0.06915054638283644,0.5689767553247426,0.9881471485503744,5.578639761544764
CIMIS44AirTemperature,DAMP | Start x2,Distance-based,Discord,range,13,0.8997189886712617,0.09834476033536178,0.06865859713034853,0.06865859713034853,0.5675660373993472,0.9881471485503744,5.637131592308064
CIMIS44AirTemperature,Local Outlier Factor | Neighbors 10,Distance-based,Proximity,range,13,0.8836842355365933,0.17972423905991455,0.06596145113365212,0.06596145113365212,0.6362479902063396,0.9990877056890882,0.10259513077415669
CIMIS44AirTemperature,OCSVM | Nu 0.10,Density-based,Distribution,range,13,0.7119927742056847,0.14605010356224749,0.06387959756908389,0.06387959756908389,0.6066059863090226,0.9944331398248448,0.07359450770756946
CIMIS44AirTemperature,OCSVM | Train frac 0.20,Density-based,Distribution,range,13,0.7310960436778274,0.14557544878713624,0.06309131084562238,0.06309131084562238,0.6159028026105298,0.9950664197553599,0.07337226153602107
CIMIS44AirTemperature,OCSVM | Kernel linear,Density-based,Distribution,range,13,0.2807817281447636,0.011230857495917736,0.032987691894504984,0.032987691894504984,0.5936222128715479,0.8738801521059585,0.012855123083751935
CIMIS44AirTemperature,HBOS | Baseline,Density-based,Distribution,range,13,0.6581602857196261,0.015915119363395226,0.028723194963604173,0.028723194963604173,0.4739657261395268,0.558974819343483,0.0835371692172395
CIMIS44AirTemperature,HBOS | Tol 0.2,Density-based,Distribution,range,13,0.6581602857196261,0.015915119363395226,0.028723194963604173,0.028723194963604173,0.4739657261395268,0.558974819343483,0.08094157691812143
CIMIS44AirTemperature,HBOS | Bins 20,Density-based,Distribution,range,13,0.6672567615835651,0.002296211251435132,0.020182787509520184,0.020182787509520184,0.46369637626114785,0.5739210865938976,0.08816426924358194
CIMIS44AirTemperature,HBOS | Alpha 0.05,Density-based,Distribution,range,13,0.6513829080038358,0.007326007326007326,0.01754385964912281,0.01754385964912281,0.5039520644037488,0.7789292121089356,0.0879681461598151
CIMIS44AirTemperature,Isolation Forest | Trees 400,Density-based,Tree,range,13,0.661065467895877,0.010430247718383311,0.0149812734082397,0.0149812734082397,0.6672527699211026,0.8748597792376595,0.8770680538504027
CIMIS44AirTemperature,Isolation Forest | Bootstrap on,Density-based,Tree,range,13,0.6746410781848619,0.00866738894907909,0.014285714285714287,0.014285714285714287,0.7023544333315186,0.9015159187970248,0.42966445386320207
CIMIS44AirTemperature,Isolation Forest | Max feat 0.6,Density-based,Tree,range,13,0.6834073268295666,0.009419152276295133,0.01378955492667867,0.01378955492667867,0.6940942051945621,0.8887150675745146,0.5333528230727936
CIMIS44AirTemperature,Isolation Forest | Baseline,Density-based,Tree,range,13,0.6657374886730115,0.012362637362637364,0.013198069536097704,0.013198069536097704,0.6687875104768752,0.9009632840278001,0.4580040615446006
CIMIS44AirTemperature,Isolation Forest | Max samples auto,Density-based,Tree,range,13,0.6657374886730115,0.012362637362637364,0.013198069536097704,0.013198069536097704,0.6687875104768752,0.9009632840278001,0.4551905384466339
CIMIS44AirTemperature,Isolation Forest | Seed 7,Density-based,Tree,range,13,0.6756229854868159,0.010650887573964497,0.00860323886639676,0.00860323886639676,0.6958344082176247,0.9018087327419124,0.44518418460994813
CIMIS44AirTemperature,PCA | Baseline,Density-based,Encoding,range,13,0.5662371243618232,0.0,0.0,0.0,0.47673249239629023,0.8086792240018046,0.013017261535144197
CIMIS44AirTemperature,PCA | Components 0.95,Density-based,Encoding,range,13,0.5674054785307817,0.0,0.0,0.0,0.45622139633900116,0.7628675088352508,0.011186569230630994
CIMIS44AirTemperature,PCA | Score comps 2,Density-based,Encoding,range,13,0.5662678878766152,0.0,0.0,0.0,0.47914374561032946,0.8087168208135951,0.00824170768296776
CIMIS44AirTemperature,PCA | Standardize off,Density-based,Encoding,range,13,0.565565227452865,0.0,0.0,0.0,0.4784520618030036,0.8086792240018046,0.006986407692938183
CIMIS44AirTemperature,PCA | Weighted off,Density-based,Encoding,range,13,0.5637936633675651,0.0,0.0,0.0,0.47391389460176714,0.8086416271900142,0.010222815384622663
CIMIS44AirTemperature,PCA | Whiten on,Density-based,Encoding,range,13,0.5662371243618232,0.0,0.0,0.0,0.47673249239629023,0.8086792240018046,0.009910384622903971
WalkingAceleration,SAND | Overlap 64,Distance-based,Clustering,range,4,0.8155953297030619,0.32068155111633373,0.36908688707469195,0.36908688707469195,0.6046889451063598,0.6975650807899462,13.724307349999435
WalkingAceleration,HBOS | Baseline,Density-based,Distribution,range,4,0.5394959990825436,0.3438649500788229,0.34386495007882295,0.34386495007882295,0.9936486541765899,0.5,0.31077105000440497
WalkingAceleration,HBOS | Tol 0.2,Density-based,Distribution,range,4,0.5394959990825436,0.3438649500788229,0.34386495007882295,0.34386495007882295,0.9936486541765899,0.5,0.3086438500031363
WalkingAceleration,HBOS | Bins 20,Density-based,Distribution,range,4,0.541049029486062,0.3438423645320197,0.34384236453201966,0.34384236453201966,0.9936492921607483,0.5,0.32224242502707057
WalkingAceleration,HBOS | Alpha 0.05,Density-based,Distribution,range,4,0.5400721192179321,0.34092009685230024,0.3409200968523002,0.3409200968523002,0.9935173899033082,0.5,0.32149575000221375
WalkingAceleration,PCA | Baseline,Density-based,Encoding,range,4,0.5291975986728084,0.3269779044903778,0.3269779044903778,0.3269779044903778,0.9928316098835395,0.5,0.06812229999923147
WalkingAceleration,PCA | Components 0.95,Density-based,Encoding,range,4,0.5291309484867592,0.3269779044903778,0.3269779044903778,0.3269779044903778,0.9928316098835395,0.5,0.0554179250029847
WalkingAceleration,PCA | Score comps 2,Density-based,Encoding,range,4,0.5291937963460621,0.3269779044903778,0.3269779044903778,0.3269779044903778,0.9928316098835395,0.5,0.030978450027760118
WalkingAceleration,PCA | Standardize off,Density-based,Encoding,range,4,0.5293050679338467,0.3269779044903778,0.3269779044903778,0.3269779044903778,0.9928316098835395,0.5,0.05075167502218392
WalkingAceleration,PCA | Weighted off,Density-based,Encoding,range,4,0.5292073636667924,0.3269779044903778,0.3269779044903778,0.3269779044903778,0.9928316098835395,0.5,0.06700005001039244
WalkingAceleration,PCA | Whiten on,Density-based,Encoding,range,4,0.5291975986728084,0.3269779044903778,0.3269779044903778,0.3269779044903778,0.9928316098835395,0.5,0.0710464250005316
WalkingAceleration,Isolation Forest | Seed 7,Density-based,Tree,range,4,0.5283304505430949,0.32432432432432434,0.32432432432432434,0.32432432432432434,0.818048075004987,0.8238330341113106,0.46275970003625844
WalkingAceleration,Isolation Forest | Bootstrap on,Density-based,Tree,range,4,0.523482977821854,0.33064124362399805,0.265636981049403,0.265636981049403,0.8198954719210546,0.8257031717534411,0.41558227498899214
WalkingAceleration,Isolation Forest | Trees 400,Density-based,Tree,range,4,0.5245401941474328,0.32608695652173914,0.26172768878718533,0.26172768878718533,0.8192781429573431,0.823608617594255,0.8670773250050843
WalkingAceleration,Isolation Forest | Max feat 0.6,Density-based,Tree,range,4,0.5290153506239019,0.32440963292027125,0.25891221642947726,0.25891221642947726,0.8762745379772156,0.6620287253141831,1.0894490999926347
WalkingAceleration,OCSVM | Gamma 0.1,Density-based,Distribution,range,4,0.8425113094790261,0.3105967531615339,0.2178563240072892,0.2178563240072892,0.8603382755925022,0.9937478396685857,0.08101270001498051
insectEPG,Matrix Profile | Baseline,Distance-based,Discord,range,4,0.9924342939649202,0.3638335876860467,0.21234974487623565,0.21234974487623565,0.8279314782883178,0.9997881929327042,0.1335243749927031
WalkingAceleration,Matrix Profile | Subseq x1,Distance-based,Discord,range,4,0.8632088013117201,0.23429908756961726,0.19550824301099118,0.19550824301099118,0.6567161330889976,0.8588709979054459,0.07617587498680223
insectEPG,DAMP | x_lag x8,Distance-based,Discord,range,4,0.8559582326370715,0.1749088282242185,0.18516272181100502,0.18516272181100502,0.801994199606186,0.993315239843313,7.78580850000435
WalkingAceleration,OCSVM | Kernel linear,Density-based,Distribution,range,4,0.8082892758991793,0.014813407970145276,0.1711915638591788,0.1711915638591788,0.6556540494713745,0.9694310417913424,0.019978949989308603
WalkingAceleration,Isolation Forest | Baseline,Density-based,Tree,range,4,0.5265853373453842,0.328769591064673,0.1702597341599737,0.1702597341599737,0.8057066162639464,0.8243566726511071,0.9045305000036024
WalkingAceleration,Isolation Forest | Max samples auto,Density-based,Tree,range,4,0.5265853373453842,0.328769591064673,0.1702597341599737,0.1702597341599737,0.8057066162639464,0.8243566726511071,0.45772207499248907
WalkingAceleration,OCSVM | Baseline,Density-based,Distribution,range,4,0.8536643369403762,0.13437822922356593,0.1633104477079319,0.1633104477079319,0.871694801089212,0.9898070351138764,0.11969022499397397
WalkingAceleration,OCSVM | Nu 0.10,Density-based,Distribution,range,4,0.8537606704672738,0.1324500086214554,0.16280855088407345,0.16280855088407345,0.8705396190940141,0.9897646345794039,0.111433224985376
WalkingAceleration,SAND | Subseq x2,Distance-based,Clustering,range,4,0.7802222642160829,0.12025316455696203,0.1559633027522936,0.1559633027522936,0.5794497078159556,0.5726729253939756,1.8385890999779804
insectEPG,Isolation Forest | Max feat 0.6,Density-based,Tree,range,4,0.9680719741324479,0.12758780410104778,0.13126877987675406,0.13126877987675406,0.7948919998429279,0.9993785357891984,0.6237529749923851
WalkingAceleration,OCSVM | Train frac 0.20,Density-based,Distribution,range,4,0.8406130150804041,0.08439612821635292,0.12397745137228532,0.12397745137228532,0.9527463963026968,0.7423369605405257,0.1973763500136556
insectEPG,DAMP | Start x2,Distance-based,Discord,range,4,0.8548357547588955,0.12334656084656084,0.12224224118135413,0.12224224118135413,0.7161201481385953,0.8187982635232074,7.775553175015375
insectEPG,DAMP | Baseline,Distance-based,Discord,range,4,0.8547963931314873,0.12043622569938359,0.12224224118135413,0.12224224118135413,0.7170540133342305,0.8275500138732774,7.577970575002837
insectEPG,Isolation Forest | Seed 7,Density-based,Tree,range,4,0.9686643356885951,0.12796866287532438,0.12061437544794239,0.12061437544794239,0.7848866591483712,0.99913688078024,0.5034440750168869
insectEPG,HBOS | Alpha 0.05,Density-based,Distribution,range,4,0.9248442326086304,0.11337800336550241,0.11505984627858817,0.11505984627858817,0.8068687678083338,0.9943967702267227,0.10160504998930264
insectEPG,SAND | Overlap 64,Distance-based,Clustering,range,4,0.9767712472711572,0.20055043386900095,0.11481465859958295,0.11481465859958295,0.631683777536825,0.9649139517418404,1.3708949749852763
insectEPG,SAND | Alpha 0.7,Distance-based,Clustering,range,4,0.9695520364378768,0.19757823089919763,0.11456674765479716,0.11456674765479716,0.619147944877548,0.9649139517418404,3.013197024993133
insectEPG,SAND | Batch 1000,Distance-based,Clustering,range,4,0.9769641879897369,0.19575523124175298,0.11439547711838574,0.11439547711838574,0.6184499808760414,0.9648662054929353,3.5998826250142884
insectEPG,SAND | Init 3000,Distance-based,Clustering,range,4,0.9729818759314391,0.20640722251037344,0.11195412916158956,0.11195412916158956,0.6159441302167741,0.9649099198869613,2.8667131250113016
insectEPG,SAND | k = 3,Distance-based,Clustering,range,4,0.9736002667530781,0.19570431122867615,0.11156286773689966,0.11156286773689966,0.6264766024459909,0.9649139517418404,1.6838627499964787
insectEPG,SAND | Baseline,Distance-based,Clustering,range,4,0.9705105191933947,0.19763253120778412,0.11147086980043372,0.11147086980043372,0.6257211314363851,0.9649639617438407,3.5275286000105552
insectEPG,Isolation Forest | Baseline,Density-based,Tree,range,4,0.9690796027078975,0.13344549596868371,0.10951689413567192,0.10951689413567192,0.7866333379053456,0.999432320712872,0.5390044999803649
insectEPG,Isolation Forest | Max samples auto,Density-based,Tree,range,4,0.9690796027078975,0.13344549596868371,0.10951689413567192,0.10951689413567192,0.7866333379053456,0.999432320712872,0.5450288499996532
insectEPG,HBOS | Baseline,Density-based,Distribution,range,4,0.9260428472963106,0.10873193788318644,0.1087506570623654,0.1087506570623654,0.8057997871455247,0.9943458134954151,0.1105492500209948
insectEPG,HBOS | Tol 0.2,Density-based,Distribution,range,4,0.9260428472963106,0.10873193788318644,0.1087506570623654,0.1087506570623654,0.8057997871455247,0.9943458134954151,0.09982987500552554
insectEPG,Isolation Forest | Bootstrap on,Density-based,Tree,range,4,0.9706433383293203,0.1438111407551136,0.10836312745110997,0.10836312745110997,0.7941857056896963,0.9994265575067107,0.4469490250048693
insectEPG,SAND | Subseq x2,Distance-based,Clustering,range,4,0.9677562179473799,0.19915242383957754,0.10816543154362385,0.10816543154362385,0.6308921598576214,0.9649663808567681,3.5803494999854593
WalkingAceleration,SAND | Init 3000,Distance-based,Clustering,range,4,0.8295039584524013,0.03125,0.10106382978723405,0.10106382978723405,0.5663150807899462,0.2842965375153911,8.847955449993606
insectEPG,Matrix Profile | Subseq x4,Distance-based,Discord,range,4,0.9617179402840446,0.18310212867734993,0.0959574133731437,0.0959574133731437,0.7261176638682603,0.919896075505472,0.12136612502217758
insectEPG,Isolation Forest | Trees 400,Density-based,Tree,range,4,0.9702251035884725,0.13346564041692724,0.09479727765200496,0.09479727765200496,0.7869606530257127,0.9991537088193262,1.0222892749879975
insectEPG,Matrix Profile | Subseq x1,Distance-based,Discord,range,4,0.9552808240953502,0.330867381922173,0.0944898429168319,0.0944898429168319,0.7698327355875477,0.999910398746416,0.13513870000315364
insectEPG,Local Outlier Factor | Metric manhattan,Distance-based,Proximity,range,4,0.9957045586430482,0.3431306928577402,0.07732106529009955,0.07732106529009955,0.827657022643491,0.9999736112252373,0.6049428249971243
insectEPG,Local Outlier Factor | p = 1,Distance-based,Proximity,range,4,0.9957045586430482,0.3431306928577402,0.07732106529009955,0.07732106529009955,0.827657022643491,0.9999736112252373,0.5811768999992637
insectEPG,Local Outlier Factor | Baseline,Distance-based,Proximity,range,4,0.9932431201120615,0.3164597384169613,0.07364566728200694,0.07364566728200694,0.8180472212551881,0.9999053732315091,0.14480422499764245
insectEPG,Local Outlier Factor | Leaf size 60,Distance-based,Proximity,range,4,0.9932431201120615,0.3164597384169613,0.07364566728200694,0.07364566728200694,0.8180472212551881,0.9999053732315091,0.17608952498994768
insectEPG,Local Outlier Factor | Search brute,Distance-based,Proximity,range,4,0.9932431201120615,0.3164597384169613,0.07364566728200694,0.07364566728200694,0.8180472212551881,0.9999053732315091,0.16415384999709204
insectEPG,Local Outlier Factor | Neighbors 10,Distance-based,Proximity,range,4,0.9197219158671843,0.2640131784775318,0.07201148684471231,0.07201148684471231,0.8041254697550125,0.9997940323193372,0.1674256249825703
insectEPG,OCSVM | Train frac 0.20,Density-based,Distribution,range,4,0.43197277129821665,0.06053361053361053,0.07160199620806082,0.07160199620806082,0.7484248950151132,0.9911622772875031,0.10464785000658594
insectEPG,HBOS | Bins 20,Density-based,Distribution,range,4,0.944465152632469,0.1324388697075796,0.0696600183326688,0.0696600183326688,0.8180318697926025,0.9944166421407822,0.10214560000167694
insectEPG,OCSVM | Nu 0.10,Density-based,Distribution,range,4,0.42134998220274866,0.0640317966562304,0.06565931983463609,0.06565931983463609,0.7371890472090101,0.9912381057310451,0.10140769998542964
insectEPG,OCSVM | Kernel linear,Density-based,Distribution,range,4,0.3562349830154153,0.07258064516129033,0.0614929299572509,0.0614929299572509,0.6596715864370952,0.9356242718608253,0.021774499997263774
insectEPG,OCSVM | Baseline,Density-based,Distribution,range,4,0.43183082192678146,0.05672805390157014,0.05949868800570223,0.05949868800570223,0.7489208790314286,0.9909023398571096,0.06706532501266338
insectEPG,PCA | Weighted off,Density-based,Encoding,range,4,0.41439008210820855,0.0053475935828877,0.037531806615776084,0.037531806615776084,0.8220329297564092,0.9702977164324995,0.012635999999474734
insectEPG,PCA | Components 0.95,Density-based,Encoding,range,4,0.4109964401466593,0.005494505494505495,0.034911242603550295,0.034911242603550295,0.8152091799743605,0.9753487566375408,0.008826600009342656
insectEPG,OCSVM | Gamma 0.1,Density-based,Distribution,range,4,0.2611080080133283,0.0058823529411764705,0.034653465346534656,0.034653465346534656,0.7351916824646588,0.9528434804210407,0.052496474992949516
WalkingAceleration,DAMP | Baseline,Distance-based,Discord,range,4,0.8990541932856031,0.0,0.0,0.0,,0.0,8.536838299987721
WalkingAceleration,DAMP | Start x2,Distance-based,Discord,range,4,0.8992145284930768,0.0,0.0,0.0,,0.0,8.190405300003476
WalkingAceleration,DAMP | x_lag x8,Distance-based,Discord,range,4,0.8882665155854815,0.0,0.0,0.0,,0.0,7.532124300021678
WalkingAceleration,Local Outlier Factor | Baseline,Distance-based,Proximity,range,4,0.33225010763888563,0.0,0.0,0.0,0.5852773757365406,0.8222731727250527,0.5289053000014974
WalkingAceleration,Local Outlier Factor | Leaf size 60,Distance-based,Proximity,range,4,0.33225010763888563,0.0,0.0,0.0,0.5852773757365406,0.8222731727250527,0.14192404999630526
WalkingAceleration,Local Outlier Factor | Metric manhattan,Distance-based,Proximity,range,4,0.2834617226732048,0.0,0.0,0.0,0.5947527832102728,0.8195749241626943,1.248944474995369
WalkingAceleration,Local Outlier Factor | Neighbors 10,Distance-based,Proximity,range,4,0.3831920992919148,0.0,0.0,0.0,0.6739595418307466,0.8839766606822262,0.12569982500281185
WalkingAceleration,Local Outlier Factor | Search brute,Distance-based,Proximity,range,4,0.33225010763888563,0.0,0.0,0.0,0.5852773757365406,0.8222731727250527,0.12138077501731459
WalkingAceleration,Local Outlier Factor | p = 1,Distance-based,Proximity,range,4,0.2834617226732048,0.0,0.0,0.0,0.5947527832102728,0.8195749241626943,1.2774577250238508
WalkingAceleration,Matrix Profile | Baseline,Distance-based,Discord,range,4,0.799764167823094,0.0,0.0,0.0,,0.0,0.07840167501126416
WalkingAceleration,Matrix Profile | Subseq x4,Distance-based,Discord,range,4,0.6597855406708456,0.0,0.0,0.0,,0.0,0.0735104500054149
WalkingAceleration,SAND | Alpha 0.7,Distance-based,Clustering,range,4,0.7869078646860226,0.0,0.0,0.0,,0.0,7.993219449999742
WalkingAceleration,SAND | Baseline,Distance-based,Clustering,range,4,0.7945000811998209,0.0,0.0,0.0,,0.0,21.978264275036054
WalkingAceleration,SAND | Batch 1000,Distance-based,Clustering,range,4,0.7390986192330834,0.0,0.0,0.0,0.6436265709156194,0.32390783961699576,3.0162160500040045
WalkingAceleration,SAND | k = 3,Distance-based,Clustering,range,4,0.728406261453898,0.0,0.0,0.0,0.6430281268701377,0.16143028126870135,3.0542763249977725
insectEPG,PCA | Baseline,Density-based,Encoding,range,4,0.4138167225201524,0.0,0.0,0.0,0.8201242720249138,0.9623716514125743,0.012206349987536669
insectEPG,PCA | Score comps 2,Density-based,Encoding,range,4,0.41378273730592036,0.0,0.0,0.0,0.8176794834703579,0.9623716514125743,0.009219174986355938
insectEPG,PCA | Standardize off,Density-based,Encoding,range,4,0.41393647680316326,0.0,0.0,0.0,0.8152511853893762,0.9623716514125743,0.008521750001818873
insectEPG,PCA | Whiten on,Density-based,Encoding,range,4,0.4138167225201524,0.0,0.0,0.0,0.8201242720249138,0.9623716514125743,0.012905950003187172
weallwalk,Local Outlier Factor | Neighbors 10,Distance-based,Proximity,range,1,0.9922660020571248,0.10434782608695652,0.020618556701030924,0.020618556701030924,0.5116223908918406,1.0,0.1067122999811545
weallwalk,DAMP | Baseline,Distance-based,Discord,range,1,0.6855566104913363,0.0,0.0,0.0,,0.0,4.70239379996201
weallwalk,DAMP | Start x2,Distance-based,Discord,range,1,0.8098544188622517,0.0,0.0,0.0,,0.0,7.034233100013807
weallwalk,DAMP | x_lag x8,Distance-based,Discord,range,1,0.683420365535248,0.0,0.0,0.0,,0.0,4.803883499989752
weallwalk,HBOS | Alpha 0.05,Density-based,Distribution,range,1,0.5890102065036791,0.0,0.0,0.0,,0.0,0.0806130999699235
weallwalk,HBOS | Baseline,Density-based,Distribution,range,1,0.6208165202943271,0.0,0.0,0.0,,0.0,0.07739589997800067
weallwalk,HBOS | Bins 20,Density-based,Distribution,range,1,0.550201756468075,0.0,0.0,0.0,,0.0,0.08042130002286285
weallwalk,HBOS | Tol 0.2,Density-based,Distribution,range,1,0.6208165202943271,0.0,0.0,0.0,,0.0,0.11436579999281093
weallwalk,Isolation Forest | Baseline,Density-based,Tree,range,1,0.826074056491811,0.0,0.0,0.0,,0.0,0.520225299987942
weallwalk,Isolation Forest | Bootstrap on,Density-based,Tree,range,1,0.8313948888361421,0.0,0.0,0.0,,0.0,0.4256824000040069
weallwalk,Isolation Forest | Max feat 0.6,Density-based,Tree,range,1,0.8336102539757893,0.0,0.0,0.0,,0.0,0.5720592000288889
weallwalk,Isolation Forest | Max samples auto,Density-based,Tree,range,1,0.826074056491811,0.0,0.0,0.0,,0.0,0.5231591000338085
weallwalk,Isolation Forest | Seed 7,Density-based,Tree,range,1,0.8898053643484453,0.0,0.0,0.0,,0.0,0.4669154000002891
weallwalk,Isolation Forest | Trees 400,Density-based,Tree,range,1,0.8547353429859956,0.0,0.0,0.0,,0.0,0.9652547999867238
weallwalk,Local Outlier Factor | Baseline,Distance-based,Proximity,range,1,0.9730397974523302,0.0,0.0,0.0,0.5123865044095526,0.9715370018975332,0.11876000004122034
weallwalk,Local Outlier Factor | Leaf size 60,Distance-based,Proximity,range,1,0.9730397974523302,0.0,0.0,0.0,0.5123865044095526,0.9715370018975332,0.10592860000906512
weallwalk,Local Outlier Factor | Metric manhattan,Distance-based,Proximity,range,1,0.9613300102856238,0.0,0.0,0.0,0.5122169202912031,0.9717741935483871,0.4043995999963954
weallwalk,Local Outlier Factor | Search brute,Distance-based,Proximity,range,1,0.9730397974523302,0.0,0.0,0.0,0.5123865044095526,0.9715370018975332,0.10613750002812594
weallwalk,Local Outlier Factor | p = 1,Distance-based,Proximity,range,1,0.9613300102856238,0.0,0.0,0.0,0.5122169202912031,0.9717741935483871,0.38241280004149303
weallwalk,Matrix Profile | Baseline,Distance-based,Discord,range,1,0.9883495529709629,0.0,0.0,0.0,0.17659225119413727,0.9954933586337761,0.09438119997503236
weallwalk,Matrix Profile | Subseq x1,Distance-based,Discord,range,1,0.9181897302001741,0.0,0.0,0.0,0.14969872982951618,0.9983396584440228,0.1377455000183545
weallwalk,Matrix Profile | Subseq x4,Distance-based,Discord,range,1,0.9835034417279849,0.0,0.0,0.0,0.6739800759013284,0.7288899430740038,0.09706590004498139
weallwalk,OCSVM | Baseline,Density-based,Distribution,range,1,0.9915539204050954,0.0,0.0,0.0,0.719024926686217,0.9990512333965844,0.07122709997929633
weallwalk,OCSVM | Gamma 0.1,Density-based,Distribution,range,1,0.9841957433341245,0.0,0.0,0.0,0.6446686615092687,0.997865275142315,0.03677299997070804
weallwalk,OCSVM | Kernel linear,Density-based,Distribution,range,1,0.32965424479784794,0.0,0.0,0.0,0.7521177825969098,0.9554079696394687,0.014131299976725131
weallwalk,OCSVM | Nu 0.10,Density-based,Distribution,range,1,0.9913561199461982,0.0,0.0,0.0,0.6940335518371572,0.9345351043643264,0.08643820002907887
weallwalk,OCSVM | Train frac 0.20,Density-based,Distribution,range,1,0.9903275575599335,0.0,0.0,0.0,0.6779748826525517,0.9992884250474384,0.09531120001338422
weallwalk,PCA | Baseline,Density-based,Encoding,range,1,0.8330168525990981,0.0,0.0,0.0,,0.0,0.01000669994391501
weallwalk,PCA | Components 0.95,Density-based,Encoding,range,1,0.8372497824194951,0.0,0.0,0.0,,0.0,0.00838000001385808
weallwalk,PCA | Score comps 2,Density-based,Encoding,range,1,0.8336300340216789,0.0,0.0,0.0,,0.0,0.00779180001700297
weallwalk,PCA | Standardize off,Density-based,Encoding,range,1,0.8329970725532083,0.0,0.0,0.0,,0.0,0.006299400003626943
weallwalk,PCA | Weighted off,Density-based,Encoding,range,1,0.8339465147559142,0.0,0.0,0.0,,0.0,0.009956099966075271
weallwalk,PCA | Whiten on,Density-based,Encoding,range,1,0.8330168525990981,0.0,0.0,0.0,,0.0,0.03532929997891188
weallwalk,SAND | Alpha 0.7,Distance-based,Clustering,range,1,0.9299786375504391,0.0,0.0,0.0,0.11824003795066419,0.12073055028463002,2.338382099987939
weallwalk,SAND | Baseline,Distance-based,Clustering,range,1,0.9155589840968431,0.0,0.0,0.0,0.41099383301707776,0.6148007590132828,2.3285698000108823
weallwalk,SAND | Batch 1000,Distance-based,Clustering,range,1,0.9294050162196377,0.0,0.0,0.0,0.6138519924098671,0.6148007590132828,3.2552127999952063
weallwalk,SAND | Init 3000,Distance-based,Clustering,range,1,0.9226204604794683,0.0,0.0,0.0,0.6142077798861479,0.6150379506641366,3.3844556999974884
weallwalk,SAND | Overlap 64,Distance-based,Clustering,range,1,0.9256468075005935,0.0,0.0,0.0,,0.0,1.2253740000305697
weallwalk,SAND | Subseq x2,Distance-based,Clustering,range,1,0.9259435081889391,0.0,0.0,0.0,0.614089184060721,0.6150379506641366,1.3838911000057124
weallwalk,SAND | k = 3,Distance-based,Clustering,range,1,0.8720824432312684,0.0,0.0,0.0,,0.0,2.0809690000023693
