algorithm_display,ablation_parameter,ablation_role,length_bucket,dataset_count,mean_delta_evaluation_f1,mean_delta_roc_auc,mean_runtime_ratio
Isolation Forest | Trees 400,n_estimators,score_driver,medium,84,0.010604036349381825,0.006445971243757907,1.931498003536223
Isolation Forest | Seed 7,random_state,stability,medium,84,0.008967971243257366,0.019353817051449076,0.9930060609224919
Isolation Forest | Max feat 0.6,max_features,score_driver,medium,84,0.008815455480052617,0.006280232173884404,2.6980885521656703
Isolation Forest | Max samples auto,max_samples,score_driver,medium,84,0.0,0.0,0.9906130417681462
Isolation Forest | Bootstrap on,bootstrap,score_driver,medium,84,-0.0013642782286238716,0.003958766176077552,0.91921215777369
Isolation Forest | Trees 400,n_estimators,score_driver,long,78,0.00571438313714482,0.0035466712505620333,1.9870762773444288
Isolation Forest | Bootstrap on,bootstrap,score_driver,long,78,0.0009651305819048469,-0.0014242112887881378,0.9063518393530978
Isolation Forest | Max samples auto,max_samples,score_driver,long,78,0.0,0.0,1.0107200248292452
Isolation Forest | Seed 7,random_state,stability,long,78,-0.0005734361966475963,0.0029620635270765834,1.0175587119923615
Isolation Forest | Max feat 0.6,max_features,score_driver,long,78,-0.0014114691122599898,0.0054762742458047955,7.053593537908757
