algorithm,algorithm_base_display,algorithm_superfamily,algorithm_category,algorithm_display,algorithm_variant,algorithm_run_id,evaluation_mode,run_count,success_count,mean_roc_auc,median_roc_auc,mean_average_precision,median_average_precision,mean_precision,mean_recall,mean_f1,median_f1,mean_evaluation_precision,mean_evaluation_recall,mean_evaluation_f1,median_evaluation_f1,mean_precision_at_k,mean_range_precision,mean_range_recall,mean_range_f1,mean_affiliation_precision,mean_affiliation_recall,mean_runtime_seconds,median_runtime_seconds,success_rate
sand,SAND,Distance-based,Clustering,SAND | Init 3000,Init 3000,sand__tab_03,range,171,0,0.9222065915369289,0.9861643109359266,0.41206763405686686,0.3192328770928654,0.21991529492550618,0.5448563355849197,0.2777799982100797,0.2352941176470588,0.17637376924077672,0.567642034658095,0.2332126606149139,0.1510574018126888,0.3643068795461415,0.17637376924077672,0.567642034658095,0.2332126606149139,0.6727466432694523,0.902661606782953,26.543408512865085,11.105486499989638,0.0
sand,SAND,Distance-based,Clustering,SAND | Subseq x2,Subseq x2,sand__tab_06,range,171,0,0.9076606212950881,0.9886297016260917,0.4108127306106419,0.3255126990394864,0.2282473063852368,0.5542492831756457,0.2847495027007101,0.2717391304347826,0.1760945342719943,0.5676767338734765,0.2310566263239112,0.1639972413343687,0.3659427448988106,0.1760945342719943,0.5676767338734765,0.2310566263239112,0.6886489761467798,0.878685753210705,14.18333380409157,6.116988099995069,0.0
sand,SAND,Distance-based,Clustering,SAND | Alpha 0.7,Alpha 0.7,sand__tab_02,range,172,0,0.9118282747000445,0.982831343995882,0.3858275564501175,0.2742120593858903,0.22015894023712823,0.5144496511149004,0.267678067372613,0.21092353525322735,0.1745186507235632,0.542612880661065,0.22805189250375563,0.14099644029618197,0.35423266662541264,0.1745186507235632,0.542612880661065,0.22805189250375563,0.6692307295755294,0.8801333350357656,28.57418314360426,10.747805049977615,0.0
sand,SAND,Distance-based,Clustering,SAND | k = 3,k = 3,sand__tab_05,range,171,0,0.9149852083410661,0.98544919720554,0.4150935316345045,0.3047706972345755,0.21426825150415976,0.552183200203315,0.27603881387828777,0.2456140350877192,0.16692358687523182,0.5705861072309771,0.22742921432053392,0.1523876041181644,0.3689893262623812,0.16692358687523182,0.5705861072309771,0.22742921432053392,0.6826687315672125,0.8651366820073847,21.48264529941466,6.845607100054622,0.0
sand,SAND,Distance-based,Clustering,SAND | Overlap 64,Overlap 64,sand__tab_07,range,171,0,0.9219719841062164,0.986329884869821,0.410297513631275,0.3047934531722546,0.20870704136470458,0.5452832147357403,0.27219596702641846,0.219047619047619,0.16347970529465183,0.5615591797293683,0.22427945809516595,0.1618798458830804,0.3572655677966113,0.16347970529465183,0.5615591797293683,0.22427945809516595,0.6685553617813873,0.8954437879844999,47.04699205730995,9.98268110002391,0.0
sand,SAND,Distance-based,Clustering,SAND | Baseline,Baseline,sand__tab_01,range,172,0,0.9185113702597316,0.9857768773662801,0.41047127387667753,0.31418916712515943,0.20402196075589502,0.5444229727221453,0.2673305681719128,0.2123179359134415,0.16029479523130732,0.5593785167691839,0.21927944827420504,0.14421044113333126,0.3631036679237364,0.16029479523130732,0.5593785167691839,0.21927944827420504,0.665074819228317,0.873983405518627,27.943760446513405,11.0893915000197,0.0
matrix_profile,Matrix Profile,Distance-based,Discord,Matrix Profile | Subseq x1,Subseq x1,matrix_profile__tab_02,range,171,0,0.8973878260734676,0.9843561519725804,0.3666938410337032,0.3063382533816916,0.2409793775992083,0.6337449407426331,0.31489332909323065,0.2666666666666666,0.15977963892107383,0.6180834055050493,0.20987614841671276,0.0895883777239709,0.34915037941438665,0.15977963892107383,0.6180834055050493,0.20987614841671276,0.7065250717233851,0.9770124351592206,0.6105088052637357,0.3656768999935593,0.0
matrix_profile,Matrix Profile,Distance-based,Discord,Matrix Profile | Baseline,Baseline,matrix_profile__tab_01,range,171,0,0.9232317347606033,0.9924022856570112,0.40843958588459556,0.3787789111538131,0.21659153951645174,0.6766517771439805,0.29871516827951217,0.2736156351791531,0.14366812054645278,0.6683169791877811,0.20044052531278092,0.0977777777777777,0.3591395279918775,0.14366812054645278,0.6683169791877811,0.20044052531278092,0.7338392859975624,0.8974409808070246,0.6325456649117779,0.4150315999868326,0.0
ocsvm,OCSVM,Density-based,Distribution,OCSVM | Gamma 0.1,Gamma 0.1,ocsvm__tab_04,range,171,0,0.707302264091363,0.7777366863905326,0.255337390023924,0.1218446832647347,0.2687146820979443,0.36784397401385865,0.26118929629802085,0.1098677517802644,0.19729351652942373,0.38498127962473644,0.19774508271046046,0.0449656202321773,0.26017335352639354,0.19729351652942373,0.38498127962473644,0.19774508271046046,0.7539328649952239,0.9063923130610771,0.715611812279237,0.3571476999786682,0.0
sand,SAND,Distance-based,Clustering,SAND | Batch 1000,Batch 1000,sand__tab_04,range,171,0,0.9046452449514407,0.9741058363427244,0.31951844331592455,0.1842468251222067,0.1819384708153076,0.4216405653031559,0.2176366172930888,0.1350210970464135,0.14911434424082082,0.4457070705254516,0.18773586572245576,0.1043352601156069,0.28204808279914034,0.14911434424082082,0.4457070705254516,0.18773586572245576,0.6422742806529305,0.8349308623936749,23.808374968421038,13.114043699984904,0.0
ocsvm,OCSVM,Density-based,Distribution,OCSVM | Train frac 0.20,Train frac 0.20,ocsvm__tab_05,range,171,0,0.7274391972876922,0.7965335835868348,0.26255346136634056,0.1702502429967345,0.2529017967064209,0.36476737460016523,0.23941322686930838,0.1538461538461538,0.16421191109322958,0.39143022840009173,0.15587621418653122,0.0627399232245681,0.2671769708910423,0.16421191109322958,0.39143022840009173,0.15587621418653122,0.7649888020901987,0.8880557502366595,1.4794249432723103,0.6582756999996491,0.0
matrix_profile,Matrix Profile,Distance-based,Discord,Matrix Profile | Subseq x4,Subseq x4,matrix_profile__tab_03,range,171,0,0.9145453617667646,0.9828127341671976,0.26598836740861137,0.1541418217736927,0.14022472206978684,0.5734576110676318,0.20751859165808478,0.1356382978723404,0.09871782625116045,0.5684240686704453,0.1500472352485438,0.0687771335609636,0.22642506229243473,0.09871782625116045,0.5684240686704453,0.1500472352485438,0.7264810307857728,0.7872742067770621,0.6447499491211724,0.3768580999749247,0.0
ocsvm,OCSVM,Density-based,Distribution,OCSVM | Baseline,Baseline,ocsvm__tab_01,range,171,0,0.7333550107131217,0.8329290167203943,0.259013869188712,0.1591494982539963,0.2408212320388116,0.36163477561289076,0.23544958483264825,0.1746031746031746,0.15367351179061195,0.38528948008805763,0.14906281255811274,0.054542144547606,0.2632443948872589,0.15367351179061195,0.38528948008805763,0.14906281255811274,0.7515302886948552,0.8917714671925054,0.7805509941527492,0.3428960999881383,0.0
ocsvm,OCSVM,Density-based,Distribution,OCSVM | Nu 0.10,Nu 0.10,ocsvm__tab_03,range,171,0,0.7372389398578167,0.8256050211780037,0.2543561781065579,0.131968036042535,0.2268696591953283,0.35634141889024157,0.22665584014294202,0.143598615916955,0.14449081085614227,0.37930506145082543,0.14189679360754182,0.0464725529168288,0.2578984679304015,0.14449081085614227,0.37930506145082543,0.14189679360754182,0.7341361788769742,0.8895783595785605,1.2884786994164477,0.5922422999865375,0.0
damp,DAMP,Distance-based,Discord,DAMP | Start x2,Start x2,damp__tab_02,range,171,0,0.8292642941213902,0.9096481206398774,0.18715533443530535,0.0777482369269818,0.13109452969776003,0.3495147200626932,0.16467537535067645,0.040133779264214,0.11396019958213537,0.3561976052482461,0.13436236813574412,0.0413655342701382,0.16225637237145113,0.11396019958213537,0.3561976052482461,0.13436236813574412,0.7410737290601092,0.702703107063028,18.47165978888638,13.230368299991824,0.0
damp,DAMP,Distance-based,Discord,DAMP | x_lag x8,x_lag x8,damp__tab_03,range,171,0,0.8088645968242247,0.889776427436962,0.1546930792313644,0.0460706914353036,0.12447680791113958,0.30495986542596115,0.15235189621891532,0.0,0.1089329757805322,0.3125346786855729,0.13152551170536642,0.0,0.12392746232710607,0.1089329757805322,0.3125346786855729,0.13152551170536642,0.7192397126668569,0.658927865351667,15.468896552629644,11.998524800001178,0.0
damp,DAMP,Distance-based,Discord,DAMP | Baseline,Baseline,damp__tab_01,range,171,0,0.8101065420287052,0.8927847519354167,0.16245672765569036,0.0464649470338967,0.12210877956981475,0.30695874454623745,0.15113966626657027,0.0,0.10766788592263267,0.30847801060007235,0.12837976293768805,0.0,0.13395656006953982,0.10766788592263267,0.30847801060007235,0.12837976293768805,0.7190826479482704,0.6273067981759308,15.928282424560761,11.922294999996666,0.0
local_outlier_factor,Local Outlier Factor,Distance-based,Proximity,Local Outlier Factor | Baseline,Baseline,local_outlier_factor__tab_01,range,172,0,0.8041924709675786,0.9415159333325749,0.3066650598025,0.13673917572699645,0.17657721877775065,0.49702080653527453,0.22763187172504482,0.15220466556344414,0.09479649709542187,0.49431683688834877,0.12023850024568154,0.06402254508715824,0.2940138173867619,0.09479649709542187,0.49431683688834877,0.12023850024568154,0.677219506137206,0.9866514985741616,1.6243135441879086,0.8011684000084642,0.0
local_outlier_factor,Local Outlier Factor,Distance-based,Proximity,Local Outlier Factor | Leaf size 60,Leaf size 60,local_outlier_factor__tab_04,range,172,0,0.8041807960452888,0.9415159333325749,0.3066650428814272,0.13673917572699645,0.17657721877775065,0.49702080653527453,0.22763187172504482,0.15220466556344414,0.09479649709542187,0.49431683688834877,0.12023850024568154,0.06402254508715824,0.2940138173867619,0.09479649709542187,0.49431683688834877,0.12023850024568154,0.677218371382522,0.9866514985741616,1.6339032029082288,0.6354527999938,0.0
local_outlier_factor,Local Outlier Factor,Distance-based,Proximity,Local Outlier Factor | Search brute,Search brute,local_outlier_factor__tab_03,range,172,0,0.8041897920916019,0.9415159333325749,0.3066650371474214,0.13673917572699645,0.17657718867859198,0.49702080653527453,0.22763181430321108,0.15220466556344414,0.09479643978234159,0.49431683688834877,0.12023838818187906,0.06402254508715824,0.2940138173867619,0.09479643978234159,0.49431683688834877,0.12023838818187906,0.6772306102266078,0.9866514985741616,1.6360066877904775,0.6224096000078134,0.0
local_outlier_factor,Local Outlier Factor,Distance-based,Proximity,Local Outlier Factor | Metric manhattan,Metric manhattan,local_outlier_factor__tab_05,range,172,0,0.7928378977686852,0.9008817044963771,0.2769883505961845,0.13137528532066511,0.14889382034167906,0.446203176454023,0.19581513565895783,0.14675792353555875,0.08978927165858278,0.4525718696242325,0.10705704794698456,0.0529351712913829,0.27177264312182176,0.08978927165858278,0.4525718696242325,0.10705704794698456,0.6472181009131215,0.9831314894014308,18.92158561511467,4.039072750019841,0.0
local_outlier_factor,Local Outlier Factor,Distance-based,Proximity,Local Outlier Factor | p = 1,p = 1,local_outlier_factor__tab_06,range,172,0,0.7928378977686852,0.9008817044963771,0.2769883505961845,0.13137528532066511,0.14889382034167906,0.446203176454023,0.19581513565895783,0.14675792353555875,0.08978927165858278,0.4525718696242325,0.10705704794698456,0.0529351712913829,0.27177264312182176,0.08978927165858278,0.4525718696242325,0.10705704794698456,0.6472181009131215,0.9831314894014308,18.82535988139361,4.007614549977006,0.0
isolation_forest,Isolation Forest,Density-based,Tree,Isolation Forest | Trees 400,Trees 400,isolation_forest__tab_02,range,172,0,0.6384703798329878,0.698430933126784,0.16752187751898856,0.013878990278185201,0.13716671852148488,0.20373016485433598,0.12849515468529366,0.0,0.1140830942388039,0.21845499963668133,0.09574942398048816,0.0,0.1648030171755724,0.1140830942388039,0.21845499963668133,0.09574942398048816,0.6228790460528018,0.8171534719820258,1.5244116773251863,1.3111400000052527,0.0
isolation_forest,Isolation Forest,Density-based,Tree,Isolation Forest | Max feat 0.6,Max feat 0.6,isolation_forest__tab_04,range,172,0,0.6391390434145872,0.6865707371448645,0.16923066283046964,0.01434432873217895,0.13006774408043356,0.19901386292865728,0.12937825157767716,0.0,0.10536940035576263,0.20484928235792532,0.09441661115087517,0.0,0.16466493352267692,0.10536940035576263,0.20484928235792532,0.09441661115087517,0.6157461352072615,0.823032061493994,5.499198091859208,1.4310548000212293,0.0
isolation_forest,Isolation Forest,Density-based,Tree,Isolation Forest | Seed 7,Seed 7,isolation_forest__tab_06,range,172,0,0.6445093067172528,0.6884559043025703,0.1628034689357809,0.01658552935806645,0.13093886971185614,0.19924837773850881,0.12827049407155566,0.0,0.10043378828232989,0.20685603403607483,0.09419259753984793,0.0,0.15682301405177868,0.10043378828232989,0.20685603403607483,0.09419259753984793,0.6179001164762766,0.8440207031660554,0.7803879354650298,0.6930280500091612,0.0
local_outlier_factor,Local Outlier Factor,Distance-based,Proximity,Local Outlier Factor | Neighbors 10,Neighbors 10,local_outlier_factor__tab_02,range,172,0,0.7224459692860189,0.8253802763046915,0.2502320785479506,0.10888690032614026,0.1412956377104795,0.42496846543516453,0.18146702234057444,0.1271713518548961,0.06567375836514558,0.4241742316978266,0.0925669669132087,0.05479528535980145,0.24882392827927505,0.06567375836514558,0.4241742316978266,0.0925669669132087,0.6346604894596977,0.9899391370378328,1.5817073523258143,0.6392209500045283,0.0
isolation_forest,Isolation Forest,Density-based,Tree,Isolation Forest | Bootstrap on,Bootstrap on,isolation_forest__tab_05,range,172,0,0.635241584483397,0.6891838682276324,0.1691111180022563,0.0139045494160027,0.13911690345413458,0.19708358364498063,0.128416288983406,0.0,0.09925042959248724,0.21396124344965067,0.08815714257350121,0.0,0.1634144280830428,0.09925042959248724,0.21396124344965067,0.08815714257350121,0.6305344317191962,0.8503130522750222,0.7115215534895257,0.5606248499971116,0.0
isolation_forest,Isolation Forest,Density-based,Tree,Isolation Forest | Baseline,Baseline,isolation_forest__tab_01,range,172,0,0.6338670325336154,0.6871883126956831,0.16527449492015991,0.0119946477039088,0.1361812012624325,0.1965559967427644,0.12761475867754346,0.0,0.1061026358053896,0.20631994937045842,0.08773803212166906,0.0,0.16077712117046902,0.1061026358053896,0.20631994937045842,0.08773803212166906,0.6205068009846932,0.8383276533047894,0.7812926622075814,0.7153680499905022,0.0
isolation_forest,Isolation Forest,Density-based,Tree,Isolation Forest | Max samples auto,Max samples auto,isolation_forest__tab_03,range,172,0,0.6338670325336154,0.6871883126956831,0.16527449492015991,0.0119946477039088,0.1361812012624325,0.1965559967427644,0.12761475867754346,0.0,0.1061026358053896,0.20631994937045842,0.08773803212166906,0.0,0.16077712117046902,0.1061026358053896,0.20631994937045842,0.08773803212166906,0.6205068009846932,0.8383276533047894,0.777394498256272,0.6517867000075057,0.0
pca,PCA,Density-based,Encoding,PCA | Weighted off,Weighted off,pca__tab_05,range,171,0,0.531883312035104,0.5426789112894257,0.1345629348097837,0.0089305016471922,0.10807366671215453,0.1493659277560938,0.10471843260443571,0.0,0.08044490338425975,0.1686714352728828,0.08245513352097585,0.0,0.12148149841342361,0.08044490338425975,0.1686714352728828,0.08245513352097585,0.6434232099944699,0.6519540285457781,0.26402534619882584,0.1008949000097345,0.0
pca,PCA,Density-based,Encoding,PCA | Standardize off,Standardize off,pca__tab_06,range,171,0,0.5321568819753739,0.5428250542280832,0.13503574628598672,0.0092522186534251,0.10839684636316166,0.1494404838999008,0.10515090673826918,0.0,0.07962922161445302,0.16803906785130793,0.0816360019826627,0.0,0.12103039593250316,0.07962922161445302,0.16803906785130793,0.0816360019826627,0.6446911882970768,0.6522234968766035,0.23639526199028627,0.0929351999948266,0.0
pca,PCA,Density-based,Encoding,PCA | Baseline,Baseline,pca__tab_01,range,171,0,0.5326060772993405,0.5428651465386886,0.13519132721897476,0.0089136504989243,0.10835001852836457,0.14934819380257747,0.1050533416695102,0.0,0.07962023244774495,0.16801714656421543,0.08162204451773288,0.0,0.12162531258284387,0.07962023244774495,0.16801714656421543,0.08162204451773288,0.6447581054830468,0.6522200817717119,0.26548239181334915,0.0982088000164367,0.0
pca,PCA,Density-based,Encoding,PCA | Whiten on,Whiten on,pca__tab_04,range,171,0,0.5326060772993405,0.5428651465386886,0.13519132721897476,0.0089136504989243,0.10835001852836457,0.14934819380257747,0.1050533416695102,0.0,0.07962023244774495,0.16801714656421543,0.08162204451773288,0.0,0.12162531258284387,0.07962023244774495,0.16801714656421543,0.08162204451773288,0.6447581054830468,0.6522200817717119,0.26329473684128635,0.0974017999833449,0.0
pca,PCA,Density-based,Encoding,PCA | Components 0.95,Components 0.95,pca__tab_02,range,171,0,0.5296515978011783,0.543761145015698,0.1321137434568482,0.0087223053609477,0.10915110677576569,0.1480132057825639,0.1045196090837227,0.0,0.07938068638410392,0.1660695744699302,0.08130254590844528,0.0,0.12022223919340169,0.07938068638410392,0.1660695744699302,0.08130254590844528,0.6410909650679086,0.6493422903913418,0.08211791988262053,0.0307047000096645,0.0
pca,PCA,Density-based,Encoding,PCA | Score comps 2,Score comps 2,pca__tab_03,range,171,0,0.532666784461843,0.5429367953776412,0.1351348294193898,0.0089135449929136,0.10814096524147342,0.14934819380257747,0.1048872995899681,0.0,0.07921434350904503,0.16801714656421543,0.08112602322829308,0.0,0.12160585184002733,0.07921434350904503,0.16801714656421543,0.08112602322829308,0.6447670968649145,0.6522155500484953,0.05551923099396015,0.0280723999603651,0.0
hbos,HBOS,Density-based,Distribution,HBOS | Baseline,Baseline,hbos__tab_01,range,171,0,0.583517521729894,0.6152498597183507,0.10116233027462707,0.0117467473916555,0.09114954587299516,0.12946390511945516,0.08369441916346314,0.0,0.07458458945869068,0.16054349364273232,0.07753036052704351,0.0,0.10296955273945987,0.07458458945869068,0.16054349364273232,0.07753036052704351,0.5540454525484423,0.6473598901537215,1.0361165900594536,0.4803738000045996,0.0
hbos,HBOS,Density-based,Distribution,HBOS | Tol 0.2,Tol 0.2,hbos__tab_04,range,171,0,0.583517521729894,0.6152498597183507,0.10116233027462707,0.0117467473916555,0.09114954587299516,0.12946390511945516,0.08369441916346314,0.0,0.07458458945869068,0.16054349364273232,0.07753036052704351,0.0,0.10296955273945987,0.07458458945869068,0.16054349364273232,0.07753036052704351,0.5540454525484423,0.6473598901537215,1.0247959672522389,0.4776149000099394,0.0
hbos,HBOS,Density-based,Distribution,HBOS | Alpha 0.05,Alpha 0.05,hbos__tab_03,range,171,0,0.5836636977404807,0.6080468516677509,0.10212581549728299,0.0119003408754575,0.08879835599811349,0.1360582413003085,0.08472528674505542,0.0,0.06973767671170036,0.16940426327730754,0.07642039292778746,0.0,0.10389555038187322,0.06973767671170036,0.16940426327730754,0.07642039292778746,0.5623641303760387,0.667923044855471,1.0264693906458233,0.4804966000083368,0.0
hbos,HBOS,Density-based,Distribution,HBOS | Bins 20,Bins 20,hbos__tab_02,range,171,0,0.5942564696503565,0.6557404593014761,0.11168253542630467,0.0111561824494636,0.08463766295384792,0.14464963843406456,0.08667271315638395,0.0,0.07071182017528399,0.17406507123424475,0.07617510328133018,0.0,0.109472980744037,0.07071182017528399,0.17406507123424475,0.07617510328133018,0.5557681833221383,0.7025522055273603,1.031610994734386,0.4812455000064801,0.0
ocsvm,OCSVM,Density-based,Distribution,OCSVM | Kernel linear,Kernel linear,ocsvm__tab_02,range,171,0,0.4147755342101727,0.422405109057235,0.05056771632936442,0.0066451043150453,0.07110879466176707,0.07431729267336243,0.049936680158949316,0.0,0.05765810567444738,0.11036736146318477,0.05009079321494652,0.0,0.05880854078755661,0.05765810567444738,0.11036736146318477,0.05009079321494652,0.6392416603387754,0.6628499479193594,0.22594312865359226,0.0909796000341884,0.0
