regime_dimension,regime_value,algorithm_display,dataset_count,mean_roc_auc,mean_f1,mean_evaluation_f1,mean_range_f1,mean_runtime_seconds
anomaly_ratio_bucket,moderate,SAND | Init 3000,41,0.8883916521148326,0.39523892428511204,0.4022063332056902,0.4022063332056902,38.37611671951074
anomaly_ratio_bucket,moderate,SAND | Subseq x2,41,0.8618607344854742,0.3962272343519408,0.39879012069788017,0.39879012069788017,14.231184139020781
anomaly_ratio_bucket,moderate,SAND | k = 3,41,0.8796722638363956,0.3778934692023673,0.3817009047565876,0.3817009047565876,32.007772507314236
anomaly_ratio_bucket,moderate,SAND | Overlap 64,41,0.884258722152758,0.3729135436157759,0.3739319377090172,0.3739319377090172,64.8180989365863
anomaly_ratio_bucket,moderate,SAND | Baseline,41,0.8876025868533272,0.372327295574918,0.37159963762889914,0.37159963762889914,34.45337336585309
anomaly_ratio_bucket,moderate,SAND | Alpha 0.7,41,0.8719110787231298,0.3525443055925272,0.3622605346460444,0.3622605346460444,37.38033889024234
anomaly_ratio_bucket,moderate,Matrix Profile | Baseline,41,0.9074150896749611,0.4313184809798246,0.3614229404525779,0.3614229404525779,0.5256060341475304
anomaly_ratio_bucket,moderate,Matrix Profile | Subseq x1,41,0.882536922969945,0.44605772555743595,0.3387752005339272,0.3387752005339272,0.49483709756452476
anomaly_ratio_bucket,moderate,OCSVM | Gamma 0.1,41,0.7259030417231155,0.3601851956269153,0.3238518220161978,0.3238518220161978,0.7094297829253042
anomaly_ratio_bucket,moderate,OCSVM | Nu 0.10,41,0.6628582396983602,0.30347624366965353,0.3044475018719047,0.3044475018719047,1.1245703707327044
anomaly_ratio_bucket,moderate,OCSVM | Train frac 0.20,41,0.6570010554109238,0.30757138089522357,0.3012435521833667,0.3012435521833667,1.2931970097507894
anomaly_ratio_bucket,moderate,OCSVM | Baseline,41,0.6634754948563324,0.3147150783123175,0.29844208806892075,0.29844208806892075,0.6734063707302018
anomaly_ratio_bucket,moderate,SAND | Batch 1000,41,0.837559440899143,0.27397273842203745,0.29564524561423294,0.29564524561423294,26.791769000000986
anomaly_ratio_bucket,moderate,Matrix Profile | Subseq x4,41,0.881768236755308,0.3118277335282911,0.2757605672618454,0.2757605672618454,0.551700685362093
anomaly_ratio_bucket,moderate,DAMP | Start x2,41,0.8254128437234463,0.27407356264155,0.24093738855218977,0.24093738855218977,17.394180521951057
anomaly_ratio_bucket,moderate,DAMP | x_lag x8,41,0.8027373293684766,0.27317026258365285,0.23868290569146974,0.23868290569146974,15.704460519510066
anomaly_ratio_bucket,moderate,DAMP | Baseline,41,0.8061737834934565,0.2716211188860686,0.23651165238057978,0.23651165238057978,16.798100490242287
anomaly_ratio_bucket,moderate,Isolation Forest | Trees 400,41,0.6037787291100732,0.25314937449768243,0.23575083999809202,0.23575083999809202,1.3967424292690915
anomaly_ratio_bucket,moderate,Local Outlier Factor | Baseline,41,0.7054086233603251,0.2658938826218388,0.2236192359682849,0.2236192359682849,1.472549948780996
anomaly_ratio_bucket,moderate,Local Outlier Factor | Leaf size 60,41,0.7054086233603251,0.2658938826218388,0.2236192359682849,0.2236192359682849,1.3416000707330547
anomaly_ratio_bucket,moderate,Local Outlier Factor | Search brute,41,0.7054086233603251,0.2658938826218388,0.2236192359682849,0.2236192359682849,1.3411072463453066
anomaly_ratio_bucket,moderate,Isolation Forest | Max feat 0.6,41,0.6028533220220296,0.24549131895398027,0.22321477057052957,0.22321477057052957,5.447349887805503
anomaly_ratio_bucket,moderate,Isolation Forest | Seed 7,41,0.6131278573440272,0.24761375980701092,0.21993163547464734,0.21993163547464734,0.7180983634174393
anomaly_ratio_bucket,moderate,Isolation Forest | Baseline,41,0.6044578813570847,0.24727403403648135,0.21900670174282239,0.21900670174282239,0.7445769780464527
anomaly_ratio_bucket,moderate,Isolation Forest | Max samples auto,41,0.6044578813570847,0.24727403403648135,0.21900670174282239,0.21900670174282239,0.7210927414629756
anomaly_ratio_bucket,moderate,Isolation Forest | Bootstrap on,41,0.6034226691863953,0.24558015895240182,0.21521482347195514,0.21521482347195514,0.668543702443613
anomaly_ratio_bucket,moderate,Local Outlier Factor | Metric manhattan,41,0.7055507559148835,0.2397785882515135,0.19356111838194126,0.19356111838194126,16.628775007313646
anomaly_ratio_bucket,moderate,Local Outlier Factor | p = 1,41,0.7055507559148835,0.2397785882515135,0.19356111838194126,0.19356111838194126,17.17350282194519
anomaly_ratio_bucket,moderate,Local Outlier Factor | Neighbors 10,41,0.6205585112606928,0.20964459523635184,0.14906360160473436,0.14906360160473436,1.3330770609758384
anomaly_ratio_bucket,moderate,HBOS | Bins 20,41,0.5418991535267517,0.11015278491649386,0.1404906577320595,0.1404906577320595,1.0830952585362488
anomaly_ratio_bucket,moderate,HBOS | Alpha 0.05,41,0.541956760253479,0.10618433141138575,0.13401174665111254,0.13401174665111254,1.0894790365873188
anomaly_ratio_bucket,moderate,HBOS | Baseline,41,0.5441767727396041,0.10401698785382732,0.13304802911001642,0.13304802911001642,1.0870677585338764
anomaly_ratio_bucket,moderate,HBOS | Tol 0.2,41,0.5441767727396041,0.10401698785382732,0.13304802911001642,0.13304802911001642,1.0917031048795651
anomaly_ratio_bucket,moderate,PCA | Components 0.95,41,0.41398961180789645,0.11673023139426818,0.13000368262136452,0.13000368262136452,0.07426270975932907
anomaly_ratio_bucket,moderate,PCA | Weighted off,41,0.4138816729562887,0.11664006917244608,0.12948789113631398,0.12948789113631398,0.2674042243920777
anomaly_ratio_bucket,moderate,PCA | Baseline,41,0.413794683741695,0.11688060633527494,0.128592407894107,0.128592407894107,0.2636113512179269
anomaly_ratio_bucket,moderate,PCA | Whiten on,41,0.413794683741695,0.11688060633527494,0.128592407894107,0.128592407894107,0.254986687802579
anomaly_ratio_bucket,moderate,PCA | Score comps 2,41,0.4137912758976084,0.11688060633527494,0.128592407894107,0.128592407894107,0.0592546024346985
anomaly_ratio_bucket,moderate,PCA | Standardize off,41,0.414072941145668,0.11713024661133337,0.1285810618180737,0.1285810618180737,0.23025488048485226
anomaly_ratio_bucket,moderate,OCSVM | Kernel linear,41,0.33089863497757405,0.04918026086884806,0.08784751549001332,0.08784751549001332,0.20901218780796266
anomaly_ratio_bucket,sparse,SAND | Alpha 0.7,131,0.9243214429065598,0.2411168783114185,0.18604766099357364,0.18604766099357364,25.818058062595394
anomaly_ratio_bucket,sparse,SAND | Init 3000,130,0.9328713032008208,0.2407352599864156,0.17991465618243832,0.17991465618243832,22.811554386153762
anomaly_ratio_bucket,sparse,SAND | k = 3,130,0.9261223677617697,0.24391542258377039,0.17877429656762472,0.17877429656762472,18.1631821030771
anomaly_ratio_bucket,sparse,SAND | Subseq x2,130,0.922105200981197,0.2495911411799373,0.17815606271365947,0.17815606271365947,14.168242544613895
anomaly_ratio_bucket,sparse,SAND | Overlap 64,130,0.9338661667223072,0.24043119287131343,0.17708136837079747,0.17708136837079747,41.442258349230485
anomaly_ratio_bucket,sparse,SAND | Baseline,131,0.9281851116312017,0.23446899699997983,0.17160671725479698,0.17160671725479698,25.906400677865108
anomaly_ratio_bucket,sparse,Matrix Profile | Subseq x1,130,0.9020715724368862,0.2735260963622121,0.16922337044128358,0.16922337044128358,0.6469898823073331
anomaly_ratio_bucket,sparse,OCSVM | Gamma 0.1,130,0.701435864992118,0.2299675126635234,0.15797295723711252,0.15797295723711252,0.7175615292293235
anomaly_ratio_bucket,sparse,SAND | Batch 1000,130,0.9258030754602422,0.19986907139857427,0.15370290744889528,0.15370290744889528,22.86745838923044
anomaly_ratio_bucket,sparse,Matrix Profile | Baseline,130,0.9282200612876135,0.25689412350479823,0.14966914823022962,0.14966914823022962,0.6662727792297328
anomaly_ratio_bucket,sparse,Matrix Profile | Subseq x4,130,0.9248827627319162,0.17462109306825047,0.11039918438281021,0.11039918438281021,0.6740962553836513
anomaly_ratio_bucket,sparse,OCSVM | Train frac 0.20,130,0.7496543035719038,0.21791719367651974,0.11002959220291388,0.11002959220291388,1.538158368459867
anomaly_ratio_bucket,sparse,OCSVM | Baseline,130,0.7553939349448783,0.21045046765829103,0.10195088720470409,0.10195088720470409,0.8143427600013987
anomaly_ratio_bucket,sparse,DAMP | Start x2,130,0.8304789823238188,0.1301728701281702,0.10075024631209588,0.10075024631209588,18.811480173073672
anomaly_ratio_bucket,sparse,DAMP | x_lag x8,130,0.8107970427141145,0.11424764221157499,0.09772971821744152,0.09772971821744152,15.394603301536588
anomaly_ratio_bucket,sparse,DAMP | Baseline,130,0.8113468735667451,0.11314166967119,0.09427662857492987,0.09427662857492987,15.653955188461204
anomaly_ratio_bucket,sparse,OCSVM | Nu 0.10,130,0.7606974683696452,0.20242786672297913,0.09063080100108892,0.09063080100108892,1.3401728646167053
anomaly_ratio_bucket,sparse,Local Outlier Factor | Baseline,131,0.8351095530431312,0.21565673854360548,0.08788269746227133,0.08788269746227133,1.6718120740480873
anomaly_ratio_bucket,sparse,Local Outlier Factor | Leaf size 60,131,0.8350942241375294,0.21565673854360548,0.08788269746227133,0.08788269746227133,1.725387389314199
anomaly_ratio_bucket,sparse,Local Outlier Factor | Search brute,131,0.835106035740322,0.21565666315005277,0.087882550325065,0.087882550325065,1.728303459540493
anomaly_ratio_bucket,sparse,Local Outlier Factor | Metric manhattan,131,0.8201567742267454,0.18205558179411221,0.07998325491008973,0.07998325491008973,19.639182828243232
anomaly_ratio_bucket,sparse,Local Outlier Factor | p = 1,131,0.8201567742267454,0.18205558179411221,0.07998325491008973,0.07998325491008973,19.342353312213344
anomaly_ratio_bucket,sparse,Local Outlier Factor | Neighbors 10,131,0.7543344103473805,0.17264808731212503,0.07488481407082281,0.07488481407082281,1.6595229396948907
anomaly_ratio_bucket,sparse,PCA | Weighted off,130,0.5690992135907302,0.1009585318406786,0.06762172534998459,0.06762172534998459,0.2629596999994156
anomaly_ratio_bucket,sparse,PCA | Standardize off,130,0.5693987402370504,0.10137280723984123,0.06683025234226385,0.06683025234226385,0.2383318438496924
anomaly_ratio_bucket,sparse,PCA | Baseline,130,0.5700773629598288,0.10132320435184594,0.0668083145297995,0.0668083145297995,0.26607248923190546
anomaly_ratio_bucket,sparse,PCA | Whiten on,130,0.5700773629598288,0.10132320435184594,0.0668083145297995,0.0668083145297995,0.2659149676919556
anomaly_ratio_bucket,sparse,PCA | Score comps 2,130,0.5701582910090247,0.10110479515490978,0.06615585575676716,0.06615585575676716,0.05434115230880422
anomaly_ratio_bucket,sparse,PCA | Components 0.95,130,0.5661296087682902,0.1006685666627045,0.06594295663744766,0.06594295663744766,0.08459533230612015
anomaly_ratio_bucket,sparse,HBOS | Baseline,130,0.5959249887191392,0.07728499365342521,0.06002094197395205,0.06002094197395205,1.020047375386751
anomaly_ratio_bucket,sparse,HBOS | Tol 0.2,130,0.5959249887191392,0.07728499365342521,0.06002094197395205,0.06002094197395205,1.003694485385159
anomaly_ratio_bucket,sparse,HBOS | Alpha 0.05,130,0.5968174241786889,0.07795743419644355,0.058256965984277265,0.058256965984277265,1.0065971176950441
anomaly_ratio_bucket,sparse,HBOS | Bins 20,130,0.6107691616585703,0.07926745975511854,0.05589096687763862,0.05589096687763862,1.0153736499968755
anomaly_ratio_bucket,sparse,Isolation Forest | Seed 7,131,0.6543309817119264,0.09091878494824521,0.054839158186208416,0.054839158186208416,0.7998831450371765
anomaly_ratio_bucket,sparse,Isolation Forest | Max feat 0.6,131,0.6504956432397387,0.09303752056677314,0.05410573682869325,0.05410573682869325,5.515425392364566
anomaly_ratio_bucket,sparse,Isolation Forest | Trees 400,131,0.6493280720439764,0.08948123856080556,0.05193218690627627,0.05193218690627627,1.5643692282435062
anomaly_ratio_bucket,sparse,Isolation Forest | Bootstrap on,131,0.6452001762939089,0.09174668082517072,0.048390998170168294,0.048390998170168294,0.7249726366413
anomaly_ratio_bucket,sparse,Isolation Forest | Baseline,131,0.643071423359858,0.09016414577894459,0.046653944682987475,0.046653944682987475,0.7927838305328201
anomaly_ratio_bucket,sparse,Isolation Forest | Max samples auto,131,0.643071423359858,0.09016414577894459,0.046653944682987475,0.046653944682987475,0.7950156587793649
anomaly_ratio_bucket,sparse,OCSVM | Kernel linear,130,0.4412290178143,0.05017524316582741,0.03818290388204083,0.03818290388204083,0.23128288692029084
length_bucket,long,OCSVM | Gamma 0.1,87,0.6974910270544098,0.2635324981041323,0.15867217118531124,0.15867217118531124,1.2828357022950805
length_bucket,long,SAND | Alpha 0.7,88,0.8830459626233932,0.213030920052973,0.1517205070206803,0.1517205070206803,51.246650718180966
length_bucket,long,SAND | Init 3000,87,0.8983079217742961,0.22276049777313997,0.1506718473968345,0.1506718473968345,47.07142493448283
length_bucket,long,SAND | Subseq x2,87,0.871912414531419,0.2285340897524544,0.14455005455899134,0.14455005455899134,25.57256873103224
length_bucket,long,SAND | k = 3,87,0.8887648436392873,0.2181287533711324,0.14406576894482984,0.14406576894482984,39.136990745977066
length_bucket,long,SAND | Overlap 64,87,0.898290854257714,0.20967771065141608,0.13509867189409902,0.13509867189409902,84.02616727586177
length_bucket,long,SAND | Baseline,88,0.8925848137859408,0.20543651865073922,0.13224000514725312,0.13224000514725312,49.18262807841165
length_bucket,long,Matrix Profile | Subseq x1,87,0.8434033124157715,0.27009417839104566,0.13077563457785055,0.13077563457785055,1.1211672816084344
length_bucket,long,Matrix Profile | Baseline,87,0.8963794961397062,0.2841360242256448,0.1275210539417503,0.1275210539417503,1.1577085528737496
length_bucket,long,OCSVM | Train frac 0.20,87,0.7136056418589454,0.2552770157376707,0.10356200605306194,0.10356200605306194,2.7626233804551483
length_bucket,long,Matrix Profile | Subseq x4,87,0.9138359979363808,0.1709516718433961,0.10030281409734071,0.10030281409734071,1.1846326126411943
length_bucket,long,OCSVM | Baseline,87,0.7162340141386022,0.2494224547739602,0.09546222826687147,0.09546222826687147,1.4367307195411165
length_bucket,long,SAND | Batch 1000,87,0.8760880384340513,0.14624915501587826,0.09316934555877875,0.09316934555877875,41.59370253563373
length_bucket,long,OCSVM | Nu 0.10,87,0.724569695144209,0.2346028554250004,0.08930189111960962,0.08930189111960962,2.4011659241383816
length_bucket,long,Local Outlier Factor | Baseline,88,0.7863295479203064,0.2339985913512738,0.07479688403920294,0.07479688403920294,3.0032308022756213
length_bucket,long,Local Outlier Factor | Leaf size 60,88,0.786306728754013,0.2339985913512738,0.07479688403920294,0.07479688403920294,3.054687702277244
length_bucket,long,Local Outlier Factor | Search brute,88,0.7863243119354429,0.23399847911768967,0.07479666500540716,0.07479666500540716,3.057510621590733
length_bucket,long,Local Outlier Factor | Neighbors 10,88,0.699212647940086,0.18565631812901764,0.07074171248746086,0.07074171248746086,2.9554331965912506
length_bucket,long,DAMP | Start x2,87,0.7744512953765296,0.09470781272425313,0.06812017253902311,0.06812017253902311,30.702653348271937
length_bucket,long,DAMP | x_lag x8,87,0.7509316787964941,0.062464376466596104,0.05743144939022283,0.05743144939022283,25.34447628850132
length_bucket,long,PCA | Components 0.95,87,0.4806540545467361,0.11482148528969682,0.05630708762075332,0.05630708762075332,0.13726936666570577
length_bucket,long,PCA | Weighted off,87,0.48005454938486475,0.11424021559564855,0.055811633400475694,0.055811633400475694,0.42150387241392684
length_bucket,long,PCA | Baseline,87,0.48180877818524104,0.1150465446409551,0.05580811981276358,0.05580811981276358,0.42216215632225645
length_bucket,long,PCA | Whiten on,87,0.48180877818524104,0.1150465446409551,0.05580811981276358,0.05580811981276358,0.4196058494204805
length_bucket,long,PCA | Standardize off,87,0.4818930668046767,0.11508369821301807,0.055793117455922796,0.055793117455922796,0.37629905172547423
length_bucket,long,PCA | Score comps 2,87,0.481944315214017,0.11471499444802317,0.05510484835630614,0.05510484835630614,0.08650339195396393
length_bucket,long,DAMP | Baseline,87,0.7520844482164197,0.06398560089428425,0.054975480763806275,0.054975480763806275,26.188502794252067
length_bucket,long,Local Outlier Factor | Metric manhattan,88,0.757297519908776,0.17913725644608636,0.05495493677925578,0.05495493677925578,35.490195097723536
length_bucket,long,Local Outlier Factor | p = 1,88,0.757297519908776,0.17913725644608636,0.05495493677925578,0.05495493677925578,35.293182263634
length_bucket,long,HBOS | Baseline,87,0.5549984528664794,0.08165499495709656,0.05388467949546505,0.05388467949546505,1.6766076402306482
length_bucket,long,HBOS | Tol 0.2,87,0.5549984528664794,0.08165499495709656,0.05388467949546505,0.05388467949546505,1.6565205689680886
length_bucket,long,HBOS | Alpha 0.05,87,0.5571321762823888,0.08385205642962693,0.05253798008734378,0.05253798008734378,1.659804887360433
length_bucket,long,HBOS | Bins 20,87,0.5805288683522946,0.0808133970251942,0.04619530912728116,0.04619530912728116,1.6675086195370579
length_bucket,long,Isolation Forest | Trees 400,88,0.5364647244436669,0.07346596713281953,0.028791817638276995,0.028791817638276995,2.1657507772734705
length_bucket,long,Isolation Forest | Max feat 0.6,88,0.5379298632834904,0.07607397224964398,0.02789405611930219,0.02789405611930219,9.550804256815105
length_bucket,long,Isolation Forest | Seed 7,88,0.5359469559919341,0.07474075923893671,0.027310628105598967,0.027310628105598967,1.106703567046762
length_bucket,long,Isolation Forest | Bootstrap on,88,0.5325280474613433,0.07467621846754899,0.025376658803626096,0.025376658803626096,1.0034984477288988
length_bucket,long,Isolation Forest | Baseline,88,0.5336202454548444,0.07456051183636851,0.023255222793176822,0.023255222793176822,1.0911899034055585
length_bucket,long,Isolation Forest | Max samples auto,88,0.5336202454548444,0.07456051183636851,0.023255222793176822,0.023255222793176822,1.1018311659093094
length_bucket,long,OCSVM | Kernel linear,87,0.4357593941371313,0.040988459714141647,0.01955097489340263,0.01955097489340263,0.41804023678066615
length_bucket,medium,SAND | Subseq x2,84,0.9446855497288882,0.34297260896854637,0.3206527185090068,0.3206527185090068,2.387340486903018
length_bucket,medium,SAND | Init 3000,84,0.9469587852196556,0.3347644808054815,0.3187013600193533,0.3187013600193533,5.282248647618135
length_bucket,medium,SAND | Overlap 64,84,0.9464988685921654,0.3369470182719566,0.3166452723748424,0.3166452723748424,8.747132009524128
length_bucket,medium,SAND | k = 3,84,0.9421420146393368,0.3360170908321272,0.31376992560251316,0.31376992560251316,3.197787515475024
length_bucket,medium,SAND | Baseline,84,0.9456725246608458,0.3321719533845708,0.3104636267881547,0.3104636267881547,5.693518165477144
length_bucket,medium,SAND | Alpha 0.7,84,0.9419811730660602,0.3249274598027121,0.30801810586697737,0.30801810586697737,4.822074255952473
length_bucket,medium,Matrix Profile | Subseq x1,84,0.9533003580760813,0.3612924494633508,0.29180168060696293,0.29180168060696293,0.08161252619244065
length_bucket,medium,SAND | Batch 1000,84,0.934222351701594,0.2915736317944855,0.28567976160626407,0.28567976160626407,5.387857130950752
length_bucket,medium,Matrix Profile | Baseline,84,0.951042981903675,0.313814996049589,0.27596426351849124,0.27596426351849124,0.08862695952259288
length_bucket,medium,OCSVM | Gamma 0.1,84,0.7174639024510645,0.25876240871311973,0.23821345536150784,0.23821345536150784,0.12812992619139893
length_bucket,medium,OCSVM | Train frac 0.20,84,0.7417668082674657,0.22298287411279025,0.21005878689619586,0.21005878689619586,0.15039799047579952
length_bucket,medium,DAMP | x_lag x8,84,0.8688665476386598,0.24544968453381732,0.20826579053176508,0.20826579053176508,5.240617540476835
length_bucket,medium,OCSVM | Baseline,84,0.7510874714510167,0.22097768382200372,0.20457770343118412,0.20457770343118412,0.10093627857194012
length_bucket,medium,DAMP | Baseline,84,0.8702008534771435,0.24140637683072366,0.20440562661777986,0.20440562661777986,5.301625613094767
length_bucket,medium,DAMP | Start x2,84,0.8860348999642818,0.23714177949947202,0.202970356432348,0.202970356432348,5.803845030951336
length_bucket,medium,Matrix Profile | Subseq x4,84,0.915280060019662,0.24539147289472657,0.20156824286943273,0.20156824286943273,0.08558576190400687
length_bucket,medium,OCSVM | Nu 0.10,84,0.7503606575969104,0.21842500288652442,0.19637008547004303,0.19637008547004303,0.13605264524015914
length_bucket,medium,Local Outlier Factor | Baseline,84,0.8229060093980541,0.2209619749737573,0.1678440029381829,0.1678440029381829,0.1797335595245905
length_bucket,medium,Local Outlier Factor | Leaf size 60,84,0.8229060093980541,0.2209619749737573,0.1678440029381829,0.1678440029381829,0.1454622988073554
length_bucket,medium,Local Outlier Factor | Search brute,84,0.8229060093980541,0.2209619749737573,0.1678440029381829,0.1678440029381829,0.1468120904759243
length_bucket,medium,Isolation Forest | Trees 400,84,0.7453334473837049,0.18614477974026652,0.16589548776756655,0.16589548776756655,0.8525326202365077
length_bucket,medium,Isolation Forest | Seed 7,84,0.7582412931913961,0.18434926389620404,0.16425942266144208,0.16425942266144208,0.43853346428416745
length_bucket,medium,Isolation Forest | Max feat 0.6,84,0.7451677083138314,0.18522082992133096,0.16410690689823731,0.16410690689823731,1.2546583000006475
length_bucket,medium,Local Outlier Factor | Metric manhattan,84,0.8300706745743044,0.21328719959625184,0.16164021202746237,0.16164021202746237,1.5639947285720457
length_bucket,medium,Local Outlier Factor | p = 1,84,0.8300706745743044,0.21328719959625184,0.16164021202746237,0.16164021202746237,1.573355480951293
length_bucket,medium,Isolation Forest | Baseline,84,0.738887476139947,0.18319539822544106,0.1552914514181847,0.1552914514181847,0.4566384095239863
length_bucket,medium,Isolation Forest | Max samples auto,84,0.738887476139947,0.18319539822544106,0.1552914514181847,0.1552914514181847,0.43750846547689953
length_bucket,medium,Isolation Forest | Bootstrap on,84,0.7428462423160246,0.18471541047620865,0.15392717318956084,0.15392717318956084,0.4056409976197063
length_bucket,medium,Local Outlier Factor | Neighbors 10,84,0.7467856392674723,0.17707823627649105,0.11543151916875406,0.11543151916875406,0.14256599166678605
length_bucket,medium,PCA | Weighted off,84,0.5855631019228517,0.09485658593496529,0.11005018721720813,0.11005018721720813,0.10092258690461413
length_bucket,medium,PCA | Standardize off,84,0.5842158334021674,0.09486337271085066,0.10840184667107187,0.10840184667107187,0.0914949083359845
length_bucket,medium,PCA | Baseline,84,0.5852175656675151,0.09470323859194227,0.10835789510502251,0.10835789510502251,0.10320692142912383
length_bucket,medium,PCA | Whiten on,84,0.5852175656675151,0.09470323859194227,0.10835789510502251,0.10835789510502251,0.10140108452712104
length_bucket,medium,PCA | Score comps 2,84,0.58520077046852,0.09470861562983963,0.10807652577427956,0.10807652577427956,0.023428492856813386
length_bucket,medium,HBOS | Bins 20,84,0.6084743424233492,0.09274129057797335,0.10722560436945236,0.10722560436945236,0.37300274047447596
length_bucket,medium,PCA | Components 0.95,84,0.5803990533147078,0.09384980872753518,0.10719069913498339,0.10719069913498339,0.02499677857156794
length_bucket,medium,HBOS | Baseline,84,0.6130551287670019,0.08580667994862853,0.10202053016689264,0.10202053016689264,0.372750859525002
length_bucket,medium,HBOS | Tol 0.2,84,0.6130551287670019,0.08580667994862853,0.10202053016689264,0.10202053016689264,0.3705097726179658
length_bucket,medium,HBOS | Alpha 0.05,84,0.6111427735363617,0.0856297038574635,0.10115574908396129,0.10115574908396129,0.3705147690485492
length_bucket,medium,OCSVM | Kernel linear,84,0.3930422507143943,0.059204479905357266,0.0817213193336884,0.0817213193336884,0.02698540952198003
variant,distorted,SAND | Subseq x2,71,0.9269906509425196,0.3130988871045656,0.2532679248917972,0.2532679248917972,12.875082873237979
variant,distorted,SAND | Init 3000,71,0.9450528976389719,0.30771000270097704,0.2528301378466239,0.2528301378466239,24.670803994363382
variant,distorted,SAND | Alpha 0.7,71,0.9346923900054416,0.2924348439411709,0.24277204081313622,0.24277204081313622,22.84867467887373
variant,distorted,SAND | k = 3,71,0.9379467619810389,0.2968505983121418,0.24240798599898378,0.24240798599898378,19.46716506760338
variant,distorted,SAND | Overlap 64,71,0.9422680755959004,0.3014216650574044,0.2386350411464338,0.2386350411464338,44.05889026196936
variant,distorted,SAND | Baseline,71,0.9428446689430457,0.28924258580478757,0.23046779302278123,0.23046779302278123,23.288433884510287
variant,distorted,Matrix Profile | Subseq x1,71,0.91653390933609,0.3318221452928199,0.2114332744631256,0.2114332744631256,0.51123488450982
variant,distorted,Matrix Profile | Baseline,71,0.9400581598372165,0.31331327353451416,0.20746255402388056,0.20746255402388056,0.533684883098623
variant,distorted,OCSVM | Gamma 0.1,71,0.6939647620810174,0.25684152004068594,0.19747161091437845,0.19747161091437845,0.6641702183090236
variant,distorted,SAND | Batch 1000,71,0.9194470153116063,0.22588142282008336,0.1925572327673464,0.1925572327673464,20.791366416899876
variant,distorted,Matrix Profile | Subseq x4,71,0.9316134797599094,0.2290718233835143,0.16244397607338706,0.16244397607338706,0.5414169281680123
variant,distorted,OCSVM | Train frac 0.20,71,0.7175150426323135,0.24818854965480477,0.1575088917327086,0.1575088917327086,1.3897081168981689
variant,distorted,OCSVM | Baseline,71,0.7193267912882823,0.2397286010076709,0.14940637865939133,0.14940637865939133,0.7336359971832537
variant,distorted,DAMP | Start x2,71,0.8482862804633812,0.17243109317638516,0.1409852063780165,0.1409852063780165,16.929301205627755
variant,distorted,OCSVM | Nu 0.10,71,0.7225173136246773,0.22864398454551269,0.13903752376683845,0.13903752376683845,1.1806736549294494
variant,distorted,DAMP | Baseline,71,0.8232179283556212,0.15363147089366766,0.13438707664658328,0.13438707664658328,13.918930935210215
variant,distorted,DAMP | x_lag x8,71,0.8248673963878949,0.15045951371815827,0.13183147883560878,0.13183147883560878,13.697271011262709
variant,distorted,Local Outlier Factor | Baseline,71,0.7900477429379839,0.2265485292025971,0.11467599166721108,0.11467599166721108,1.4463612887349215
variant,distorted,Local Outlier Factor | Leaf size 60,71,0.7900477429379839,0.2265485292025971,0.11467599166721108,0.11467599166721108,1.461800459156659
variant,distorted,Local Outlier Factor | Search brute,71,0.7900477429379839,0.2265485292025971,0.11467599166721108,0.11467599166721108,1.4673261211264361
variant,distorted,Local Outlier Factor | Metric manhattan,71,0.7840122504653732,0.18707689240579028,0.10403151470726321,0.10403151470726321,17.763894952111386
variant,distorted,Local Outlier Factor | p = 1,71,0.7840122504653732,0.18707689240579028,0.10403151470726321,0.10403151470726321,17.774922152114197
variant,distorted,Local Outlier Factor | Neighbors 10,71,0.7098015356384606,0.1818861191940603,0.08822859005224336,0.08822859005224336,1.3980714816909159
variant,distorted,Isolation Forest | Max feat 0.6,71,0.6088516235563984,0.12067685191992611,0.08288280657259442,0.08288280657259442,5.252819528167864
variant,distorted,Isolation Forest | Seed 7,71,0.6148368566937101,0.11430667594267219,0.08192216678559616,0.08192216678559616,0.7333250901412586
variant,distorted,Isolation Forest | Trees 400,71,0.6066556103872804,0.11473117034748492,0.07852332633485729,0.07852332633485729,1.4385462619694651
variant,distorted,Isolation Forest | Bootstrap on,71,0.6073712145060196,0.11811647206331696,0.0751518854191792,0.0751518854191792,0.6678921647917505
variant,distorted,HBOS | Baseline,71,0.5703526767052227,0.07829800020187659,0.07413302053015992,0.07413302053015992,1.0490876070443462
variant,distorted,HBOS | Tol 0.2,71,0.5703526767052227,0.07829800020187659,0.07413302053015992,0.07413302053015992,1.0336364591572087
variant,distorted,HBOS | Alpha 0.05,71,0.5709220069157364,0.07942449284812082,0.07183210943326718,0.07183210943326718,1.0398802816934234
variant,distorted,PCA | Weighted off,71,0.5087164775396646,0.09449638073174704,0.07153810371426868,0.07153810371426868,0.2725326591556642
variant,distorted,Isolation Forest | Baseline,71,0.6017008691655134,0.11396723389892008,0.0715023338479428,0.0715023338479428,0.748043064785544
variant,distorted,Isolation Forest | Max samples auto,71,0.6017008691655134,0.11396723389892008,0.0715023338479428,0.0715023338479428,0.7263006478889098
variant,distorted,PCA | Baseline,71,0.5083052370222912,0.09491860867759698,0.07128975011069,0.07128975011069,0.27448870000080206
variant,distorted,PCA | Whiten on,71,0.5083052370222912,0.09491860867759698,0.07128975011069,0.07128975011069,0.27138476056402583
variant,distorted,PCA | Standardize off,71,0.5080741511584884,0.09499418109612538,0.07116961790167714,0.07116961790167714,0.24501904788833684
variant,distorted,PCA | Score comps 2,71,0.5083168591415475,0.09466843750720287,0.07106270188849836,0.07106270188849836,0.0542838577456562
variant,distorted,PCA | Components 0.95,71,0.5070538722595694,0.0941248556141161,0.07068758186583812,0.07068758186583812,0.08116062112688738
variant,distorted,HBOS | Bins 20,71,0.579593282623583,0.07634955470806204,0.06425577117982444,0.06425577117982444,1.0418896464771152
variant,distorted,OCSVM | Kernel linear,71,0.40142849824802224,0.04560152552813612,0.0480542001580829,0.0480542001580829,0.20941523520946564
variant,noise,SAND | Batch 1000,14,0.8650279811921242,0.23119937942486518,0.21958374794493712,0.21958374794493712,21.292191528569674
variant,noise,SAND | Overlap 64,14,0.8569562180106074,0.22418760324530304,0.21813661592740896,0.21813661592740896,27.400361671436777
variant,noise,SAND | k = 3,14,0.8523178095917886,0.2415574791307917,0.2148982580190977,0.2148982580190977,12.329126907142511
variant,noise,Matrix Profile | Subseq x1,14,0.7638374600084641,0.24350532484257478,0.21427454761411716,0.21427454761411716,0.5765606428592166
variant,noise,SAND | Baseline,14,0.8567864397752906,0.23633694489724547,0.21268503047268422,0.21268503047268422,18.946105000001676
variant,noise,OCSVM | Gamma 0.1,14,0.6944448754034731,0.24379665056822605,0.2117044361033808,0.2117044361033808,0.6701880071507601
variant,noise,SAND | Alpha 0.7,14,0.8513160861317698,0.235929353864532,0.20364775754991019,0.20364775754991019,17.861956578567124
variant,noise,Matrix Profile | Baseline,14,0.8263999166150383,0.23832496946285348,0.2021345643510636,0.2021345643510636,0.6196677071379132
variant,noise,SAND | Subseq x2,14,0.8268940086865845,0.23914166031650713,0.19490739156492598,0.19490739156492598,11.398032178570118
variant,noise,SAND | Init 3000,14,0.8621674123625029,0.2205204392440144,0.19462483025297111,0.19462483025297111,17.0039702714213
variant,noise,Local Outlier Factor | Baseline,14,0.8619660096384364,0.28813008608414103,0.18038107046197296,0.18038107046197296,1.3676558785747537
variant,noise,Local Outlier Factor | Leaf size 60,14,0.8619660096384364,0.28813008608414103,0.18038107046197296,0.18038107046197296,1.3627715571367713
variant,noise,Local Outlier Factor | Search brute,14,0.8619660096384364,0.28813008608414103,0.18038107046197296,0.18038107046197296,1.3668332714254834
variant,noise,PCA | Standardize off,14,0.6980343843250092,0.19454879769577377,0.16914412684079197,0.16914412684079197,0.14997420000353093
variant,noise,PCA | Baseline,14,0.6984123055433645,0.1944406473950689,0.1690359765400871,0.1690359765400871,0.170111321422155
variant,noise,PCA | Whiten on,14,0.6984123055433645,0.1944406473950689,0.1690359765400871,0.1690359765400871,0.1704023999981083
variant,noise,PCA | Score comps 2,14,0.6983444548624992,0.1944406473950689,0.1690359765400871,0.1690359765400871,0.04510701428184148
variant,noise,PCA | Weighted off,14,0.697797412246666,0.19486727735197748,0.16897699808529923,0.16897699808529923,0.16891310000210066
variant,noise,Matrix Profile | Subseq x4,14,0.8098552233568881,0.20725535879105936,0.16436249654004897,0.16436249654004897,0.6082503357153785
variant,noise,PCA | Components 0.95,14,0.6945515519768694,0.19467925458741828,0.1606048664365233,0.1606048664365233,0.0504254928528098
variant,noise,OCSVM | Train frac 0.20,14,0.6901192077081699,0.23533040959547163,0.15969379499300312,0.15969379499300312,1.3375517714302987
variant,noise,OCSVM | Nu 0.10,14,0.7220708839863406,0.23008545987286125,0.15414917306348158,0.15414917306348158,1.1984586785672167
variant,noise,OCSVM | Baseline,14,0.7197087181155445,0.23145722000260702,0.15234270333875952,0.15234270333875952,0.6909638928627828
variant,noise,Local Outlier Factor | Metric manhattan,14,0.8426773166110186,0.24345612931557348,0.14150639449591476,0.14150639449591476,14.844089485721529
variant,noise,Local Outlier Factor | p = 1,14,0.8426773166110186,0.24345612931557348,0.14150639449591476,0.14150639449591476,15.092142214285559
variant,noise,HBOS | Bins 20,14,0.6976744107248526,0.13969535358524363,0.12365503999728686,0.12365503999728686,0.845950128568802
variant,noise,Isolation Forest | Seed 7,14,0.721855488033045,0.1509076359119698,0.12349142116473422,0.12349142116473422,0.7676244928568069
variant,noise,DAMP | x_lag x8,14,0.7274626664579722,0.14380348052625483,0.11841709263085774,0.11841709263085774,17.94188631429071
variant,noise,Isolation Forest | Max feat 0.6,14,0.7185078452117765,0.15712350866306754,0.11619326061316206,0.11619326061316206,4.235576764289623
variant,noise,HBOS | Baseline,14,0.6853701326971148,0.1307739275312041,0.11468750526909684,0.11468750526909684,0.8537294928579026
variant,noise,HBOS | Tol 0.2,14,0.6853701326971148,0.1307739275312041,0.11468750526909684,0.11468750526909684,0.8441000214204125
variant,noise,Local Outlier Factor | Neighbors 10,14,0.7598789225084203,0.22849707686431983,0.11389521710843888,0.11389521710843888,1.3521902999969566
variant,noise,Isolation Forest | Trees 400,14,0.7281007959977007,0.16311370396341315,0.11187211710632843,0.11187211710632843,1.5203211428576782
variant,noise,DAMP | Baseline,14,0.7407791681958701,0.14260371396172747,0.10998265706714813,0.10998265706714813,18.19149723571692
variant,noise,DAMP | Start x2,14,0.706415029276017,0.14224079491703515,0.10984625609140275,0.10984625609140275,19.688091485711215
variant,noise,HBOS | Alpha 0.05,14,0.6902277500054026,0.14003758160334678,0.107931347605388,0.107931347605388,0.850860014281352
variant,noise,Isolation Forest | Baseline,14,0.7171372889100333,0.15771079362599463,0.10228042953035675,0.10228042953035675,0.763658928568475
variant,noise,Isolation Forest | Max samples auto,14,0.7171372889100333,0.15771079362599463,0.10228042953035675,0.10228042953035675,0.762772649996415
variant,noise,Isolation Forest | Bootstrap on,14,0.7063183165741188,0.14787787423181187,0.09279966322314966,0.09279966322314966,0.6996135714289267
variant,noise,OCSVM | Kernel linear,14,0.41500127837768164,0.05783529201850827,0.06301371280006297,0.06301371280006297,0.2089571142901799
variant,raw,SAND | Init 3000,86,0.9131189261322415,0.2623916668923029,0.22329857621509752,0.22329857621509752,29.642327770932923
variant,raw,SAND | Alpha 0.7,87,0.9029066477261669,0.2525832495880788,0.21996600008292586,0.21996600008292586,34.97053110804549
variant,raw,SAND | Subseq x2,86,0.9048501616619649,0.26876931084844374,0.21860415060653782,0.21860415060653782,15.716822627904422
variant,raw,SAND | k = 3,86,0.9062302464114361,0.2644702323859774,0.21710294221646612,0.21710294221646612,24.63669592674502
variant,raw,SAND | Overlap 64,86,0.9157998704965764,0.25588308950008837,0.21342775337084713,0.21342775337084713,52.71220197441932
variant,raw,SAND | Baseline,87,0.9085859084237186,0.2544358264927315,0.21120990082676122,0.21120990082676122,33.19083357471324
variant,raw,Matrix Profile | Subseq x1,86,0.9033219332044427,0.31253851641111835,0.20787459564858518,0.20787459564858518,0.6979939523240996
variant,raw,OCSVM | Gamma 0.1,86,0.7204065208863047,0.26761010041997324,0.1956984030595411,0.1956984030595411,0.7654756081360257
variant,raw,Matrix Profile | Baseline,86,0.9251034705001192,0.29649420677169913,0.19436749525436198,0.19436749525436198,0.7162596988369884
variant,raw,SAND | Batch 1000,86,0.8988745007311926,0.20862196773190883,0.1785708958235956,0.1785708958235956,26.708772355815473
variant,raw,OCSVM | Train frac 0.20,86,0.7417077418765898,0.23283312831190686,0.15390683933688937,0.15390683933688937,1.5765891186019871
variant,raw,OCSVM | Baseline,86,0.747157937172769,0.23256682854420604,0.14824523506834722,0.14824523506834722,0.8338670895352343
variant,raw,OCSVM | Nu 0.10,86,0.7518620589828582,0.22445615492432117,0.1422627801925044,0.1422627801925044,1.3921349604683793
variant,raw,Matrix Profile | Subseq x4,86,0.9174968217693807,0.1897674963980017,0.13748232528755608,0.13748232528755608,0.7360015662764686
variant,raw,DAMP | x_lag x8,86,0.8089044602673288,0.1553058145590432,0.13340683962159794,0.13340683962159794,16.528937910464496
variant,raw,DAMP | Start x2,86,0.8335588136278307,0.1619245400070213,0.13288567108248178,0.13288567108248178,19.5469785755819
variant,raw,DAMP | Baseline,86,0.8105678769641544,0.15047205235661543,0.12641511420345541,0.12641511420345541,17.218735312789864
variant,raw,Local Outlier Factor | Baseline,87,0.8064389784240064,0.21878063400167055,0.11509990399330595,0.11509990399330595,1.8108401816102795
variant,raw,Local Outlier Factor | Leaf size 60,87,0.8064158969684452,0.21878063400167055,0.11509990399330595,0.11509990399330595,1.8179852471284799
variant,raw,Local Outlier Factor | Search brute,87,0.8064336822554088,0.21878052047804522,0.11509968244188033,0.11509968244188033,1.8169808034486026
variant,raw,Isolation Forest | Trees 400,87,0.6500108718368871,0.13415703052541714,0.10721304730322413,0.10721304730322413,1.5951439988516383
variant,raw,Local Outlier Factor | Metric manhattan,87,0.7920203011565301,0.19527997887484613,0.10398258827267647,0.10398258827267647,20.522516452870263
variant,raw,Local Outlier Factor | p = 1,87,0.7920203011565301,0.19527997887484613,0.10398258827267647,0.10398258827267647,20.283361331029827
variant,raw,Isolation Forest | Max feat 0.6,87,0.6510843719751704,0.1320146398133652,0.10032496784726501,0.10032496784726501,5.9036070183886284
variant,raw,Isolation Forest | Seed 7,87,0.6562782425017406,0.13602349523689966,0.09949164412379582,0.09949164412379582,0.8208494321834536
variant,raw,Isolation Forest | Baseline,87,0.6467177682791948,0.13390935373506008,0.09864769894595565,0.09864769894595565,0.8112650034479508
variant,raw,Isolation Forest | Max samples auto,87,0.6467177682791948,0.13390935373506008,0.09864769894595565,0.09864769894595565,0.8214447195404182
variant,raw,Isolation Forest | Bootstrap on,87,0.6465487341284968,0.13369013734948237,0.09802355600869413,0.09802355600869413,0.749043373562979
variant,raw,Local Outlier Factor | Neighbors 10,87,0.726741296226973,0.17355694601954075,0.09267534914763761,0.09267534914763761,1.7685048873566396
variant,raw,HBOS | Bins 20,86,0.5895266452766119,0.08656372808460279,0.07828619008578963,0.07828619008578963,1.0533489930202513
variant,raw,PCA | Weighted off,86,0.5240001474562007,0.09848217512182306,0.07738307552534424,0.07738307552534424,0.27248525581299593
variant,raw,PCA | Components 0.95,86,0.5214636809987893,0.09842417256384282,0.07715638264835246,0.07715638264835246,0.0880674802323229
variant,raw,PCA | Standardize off,86,0.5250358221510015,0.0989829654264918,0.07603134525866462,0.07603134525866462,0.24334416976997214
variant,raw,PCA | Baseline,86,0.5256766873488076,0.09886896681216156,0.07592201957107107,0.07592201957107107,0.27357247441994875
variant,raw,PCA | Whiten on,86,0.5256766873488076,0.09886896681216156,0.07592201957107107,0.07592201957107107,0.27173777209116995
variant,raw,PCA | Score comps 2,86,0.5257988462308174,0.09874535003886252,0.07512319146969203,0.07512319146969203,0.058234144186974604
variant,raw,HBOS | Alpha 0.05,86,0.5768353642154568,0.08009719649698888,0.075078704121096,0.075078704121096,1.0439851813984162
variant,raw,HBOS | Baseline,86,0.5778055152555982,0.08048549624630354,0.07428630370599686,0.07428630370599686,1.055098882558225
variant,raw,HBOS | Tol 0.2,86,0.5778055152555982,0.08048549624630354,0.07428630370599686,0.07428630370599686,1.0469130406986658
variant,raw,OCSVM | Kernel linear,86,0.4257578497330514,0.05222988263283201,0.04966843545733823,0.04966843545733823,0.24235341511429878
